{"player":1,"street":0,"children":3,"sequence":[{"player":0,"type":"R","amount":250000,"street":0}],"actions":[{"type":"F","amount":0,"node":301},{"type":"C","amount":250000,"node":2},{"type":"R","amount":1000000,"node":172}],"hands":{"22":{"weight":1.0,"played":[0.9999,1.0E-4,0.0],"evs":[0.0,-0.00482,-0.02899]},"32o":{"weight":1.0,"played":[1.0,0.0,0.0],"evs":[0.0,-0.06663,-0.08782]},"42o":{"weight":1.0,"played":[1.0,0.0,0.0],"evs":[0.0,-0.0614,-0.08119]},"52o":{"weight":1.0,"played":[1.0,0.0,0.0],"evs":[0.0,-0.06427,-0.08215]},"62o":{"weight":1.0,"played":[1.0,0.0,0.0],"evs":[0.0,-0.08595,-0.09815]},"72o":{"weight":1.0,"played":[1.0,0.0,0.0],"evs":[0.0,-0.1037,-0.10564]},"82o":{"weight":1.0,"played":[1.0,0.0,0.0],"evs":[0.0,-0.09799,-0.10121]},"92o":{"weight":1.0,"played":[1.0,0.0,0.0],"evs":[0.0,-0.09914,-0.1048]},"T2o":{"weight":1.0,"played":[1.0,0.0,0.0],"evs":[0.0,-0.09351,-0.08695]},"J2o":{"weight":1.0,"played":[1.0,0.0,0.0],"evs":[0.0,-0.09141,-0.08732]},"Q2o":{"weight":1.0,"played":[1.0,0.0,0.0],"evs":[0.0,-0.08464,-0.08472]},"K2o":{"weight":1.0,"played":[1.0,0.0,0.0],"evs":[0.0,-0.06376,-0.04029]},"A2o":{"weight":1.0,"played":[1.0,0.0,0.0],"evs":[0.0,-0.06384,-0.03831]},"32s":{"weight":1.0,"played":[1.0,0.0,0.0],"evs":[0.0,-0.03231,-0.05685]},"33":{"weight":1.0,"played":[0.9831,0.0169,0.0],"evs":[0.0,-6.1E-4,-0.01936]},"43o":{"weight":1.0,"played":[1.0,0.0,0.0],"evs":[0.0,-0.04768,-0.06988]},"53o":{"weight":1.0,"played":[1.0,0.0,0.0],"evs":[0.0,-0.04627,-0.07003]},"63o":{"weight":1.0,"played":[1.0,0.0,0.0],"evs":[0.0,-0.06443,-0.08529]},"73o":{"weight":1.0,"played":[1.0,0.0,0.0],"evs":[0.0,-0.08584,-0.0966]},"83o":{"weight":1.0,"played":[1.0,0.0,0.0],"evs":[0.0,-0.0982,-0.10269]},"93o":{"weight":1.0,"played":[1.0,0.0,0.0],"evs":[0.0,-0.09583,-0.1031]},"T3o":{"weight":1.0,"played":[1.0,0.0,0.0],"evs":[0.0,-0.0902,-0.08596]},"J3o":{"weight":1.0,"played":[1.0,0.0,0.0],"evs":[0.0,-0.08827,-0.0865]},"Q3o":{"weight":1.0,"played":[1.0,0.0,0.0],"evs":[0.0,-0.08113,-0.08339]},"K3o":{"weight":1.0,"played":[1.0,0.0,0.0],"evs":[0.0,-0.05812,-0.0389]},"A3o":{"weight":1.0,"played":[1.0,0.0,0.0],"evs":[0.0,-0.05911,-0.03521]},"42s":{"weight":1.0,"played":[1.0,0.0,0.0],"evs":[0.0,-0.02699,-0.04928]},"43s":{"weight":1.0,"played":[1.0,0.0,0.0],"evs":[0.0,-0.01091,-0.02731]},"44":{"weight":1.0,"played":[0.9077,0.0923,0.0],"evs":[0.0,-1.8E-4,-0.00921]},"54o":{"weight":1.0,"played":[1.0,0.0,0.0],"evs":[0.0,-0.03732,-0.05631]},"64o":{"weight":1.0,"played":[1.0,0.0,0.0],"evs":[0.0,-0.04619,-0.06983]},"74o":{"weight":1.0,"played":[1.0,0.0,0.0],"evs":[0.0,-0.06606,-0.0794]},"84o":{"weight":1.0,"played":[1.0,0.0,0.0],"evs":[0.0,-0.08262,-0.0883]},"94o":{"weight":1.0,"played":[1.0,0.0,0.0],"evs":[0.0,-0.09724,-0.09877]},"T4o":{"weight":1.0,"played":[1.0,0.0,0.0],"evs":[0.0,-0.08878,-0.07996]},"J4o":{"weight":1.0,"played":[1.0,0.0,0.0],"evs":[0.0,-0.08781,-0.08137]},"Q4o":{"weight":1.0,"played":[1.0,0.0,0.0],"evs":[0.0,-0.0788,-0.07787]},"K4o":{"weight":1.0,"played":[1.0,0.0,0.0],"evs":[0.0,-0.05667,-0.03233]},"A4o":{"weight":1.0,"played":[1.0,0.0,0.0],"evs":[0.0,-0.0563,-0.02727]},"52s":{"weight":1.0,"played":[1.0,0.0,0.0],"evs":[0.0,-0.02874,-0.04918]},"53s":{"weight":1.0,"played":[1.0,0.0,0.0],"evs":[0.0,-0.00941,-0.0251]},"54s":{"weight":1.0,"played":[0.2884,0.5658,0.1458],"evs":[0.0,4.0E-4,-1.4E-4]},"55":{"weight":1.0,"played":[0.7508,0.2491,1.0E-4],"evs":[0.0,-2.0E-5,-0.00597]},"65o":{"weight":1.0,"played":[1.0,0.0,0.0],"evs":[0.0,-0.03947,-0.05992]},"75o":{"weight":1.0,"played":[1.0,0.0,0.0],"evs":[0.0,-0.04982,-0.06766]},"85o":{"weight":1.0,"played":[1.0,0.0,0.0],"evs":[0.0,-0.06536,-0.07702]},"95o":{"weight":1.0,"played":[1.0,0.0,0.0],"evs":[0.0,-0.08611,-0.09051]},"T5o":{"weight":1.0,"played":[1.0,0.0,0.0],"evs":[0.0,-0.09115,-0.08056]},"J5o":{"weight":1.0,"played":[1.0,0.0,0.0],"evs":[0.0,-0.08784,-0.07952]},"Q5o":{"weight":1.0,"played":[1.0,0.0,0.0],"evs":[0.0,-0.07885,-0.07757]},"K5o":{"weight":1.0,"played":[1.0,0.0,0.0],"evs":[0.0,-0.05633,-0.03211]},"A5o":{"weight":1.0,"played":[1.0,0.0,0.0],"evs":[0.0,-0.05367,-0.02284]},"62s":{"weight":1.0,"played":[1.0,0.0,0.0],"evs":[0.0,-0.05007,-0.06709]},"63s":{"weight":1.0,"played":[1.0,0.0,0.0],"evs":[0.0,-0.02646,-0.04421]},"64s":{"weight":1.0,"played":[1.0,0.0,0.0],"evs":[0.0,-0.00793,-0.01878]},"65s":{"weight":1.0,"played":[0.4594,0.3758,0.1648],"evs":[0.0,-3.8E-4,-2.6E-4]},"66":{"weight":1.0,"played":[0.4276,0.4844,0.088],"evs":[0.0,-1.0E-5,-2.0E-4]},"76o":{"weight":1.0,"played":[1.0,0.0,0.0],"evs":[0.0,-0.03867,-0.06279]},"86o":{"weight":1.0,"played":[1.0,0.0,0.0],"evs":[0.0,-0.04644,-0.06982]},"96o":{"weight":1.0,"played":[1.0,0.0,0.0],"evs":[0.0,-0.06777,-0.08219]},"T6o":{"weight":1.0,"played":[1.0,0.0,0.0],"evs":[0.0,-0.07966,-0.07602]},"J6o":{"weight":1.0,"played":[1.0,0.0,0.0],"evs":[0.0,-0.08691,-0.0841]},"Q6o":{"weight":1.0,"played":[1.0,0.0,0.0],"evs":[0.0,-0.07832,-0.0811]},"K6o":{"weight":1.0,"played":[1.0,0.0,0.0],"evs":[0.0,-0.05379,-0.03444]},"A6o":{"weight":1.0,"played":[1.0,0.0,0.0],"evs":[0.0,-0.06702,-0.03796]},"72s":{"weight":1.0,"played":[1.0,0.0,0.0],"evs":[0.0,-0.06716,-0.07805]},"73s":{"weight":1.0,"played":[1.0,0.0,0.0],"evs":[0.0,-0.04871,-0.06669]},"74s":{"weight":1.0,"played":[1.0,0.0,0.0],"evs":[0.0,-0.02851,-0.04104]},"75s":{"weight":1.0,"played":[1.0,0.0,0.0],"evs":[0.0,-0.0105,-0.02127]},"76s":{"weight":1.0,"played":[0.6629,0.2097,0.1274],"evs":[0.0,-2.7E-4,-4.2E-4]},"77":{"weight":1.0,"played":[0.0,0.8697,0.1303],"evs":[0.0,8.0E-4,5.5E-4]},"87o":{"weight":1.0,"played":[1.0,0.0,0.0],"evs":[0.0,-0.04195,-0.06264]},"97o":{"weight":1.0,"played":[1.0,0.0,0.0],"evs":[0.0,-0.05196,-0.07131]},"T7o":{"weight":1.0,"played":[1.0,0.0,0.0],"evs":[0.0,-0.06441,-0.06444]},"J7o":{"weight":1.0,"played":[1.0,0.0,0.0],"evs":[0.0,-0.07759,-0.07394]},"Q7o":{"weight":1.0,"played":[1.0,0.0,0.0],"evs":[0.0,-0.08098,-0.08169]},"K7o":{"weight":1.0,"played":[1.0,0.0,0.0],"evs":[0.0,-0.05611,-0.03574]},"A7o":{"weight":1.0,"played":[1.0,0.0,0.0],"evs":[0.0,-0.06361,-0.03673]},"82s":{"weight":1.0,"played":[1.0,0.0,0.0],"evs":[0.0,-0.0614,-0.07327]},"83s":{"weight":1.0,"played":[1.0,0.0,0.0],"evs":[0.0,-0.06135,-0.07386]},"84s":{"weight":1.0,"played":[1.0,0.0,0.0],"evs":[0.0,-0.04585,-0.05904]},"85s":{"weight":1.0,"played":[1.0,0.0,0.0],"evs":[0.0,-0.02662,-0.03823]},"86s":{"weight":1.0,"played":[1.0,0.0,0.0],"evs":[0.0,-0.0075,-0.02067]},"87s":{"weight":1.0,"played":[0.8635,0.0321,0.1044],"evs":[0.0,-3.7E-4,-4.1E-4]},"88":{"weight":1.0,"played":[0.0,0.946,0.054],"evs":[0.0,0.01184,0.01159]},"98o":{"weight":1.0,"played":[1.0,0.0,0.0],"evs":[0.0,-0.04465,-0.06892]},"T8o":{"weight":1.0,"played":[1.0,0.0,0.0],"evs":[0.0,-0.0475,-0.05365]},"J8o":{"weight":1.0,"played":[1.0,0.0,0.0],"evs":[0.0,-0.06159,-0.06142]},"Q8o":{"weight":1.0,"played":[1.0,0.0,0.0],"evs":[0.0,-0.07299,-0.07371]},"K8o":{"weight":1.0,"played":[1.0,0.0,0.0],"evs":[0.0,-0.05488,-0.03436]},"A8o":{"weight":1.0,"played":[1.0,0.0,0.0],"evs":[0.0,-0.06134,-0.03509]},"92s":{"weight":1.0,"played":[1.0,0.0,0.0],"evs":[0.0,-0.06308,-0.07625]},"93s":{"weight":1.0,"played":[1.0,0.0,0.0],"evs":[0.0,-0.0597,-0.07437]},"94s":{"weight":1.0,"played":[1.0,0.0,0.0],"evs":[0.0,-0.0599,-0.0704]},"95s":{"weight":1.0,"played":[1.0,0.0,0.0],"evs":[0.0,-0.04752,-0.06257]},"96s":{"weight":1.0,"played":[1.0,0.0,0.0],"evs":[0.0,-0.02742,-0.04079]},"97s":{"weight":1.0,"played":[1.0,0.0,0.0],"evs":[0.0,-0.01057,-0.02192]},"98s":{"weight":1.0,"played":[1.0,0.0,0.0],"evs":[0.0,-0.00271,-0.00973]},"99":{"weight":1.0,"played":[0.0,0.9822,0.0178],"evs":[0.0,0.02676,0.02639]},"T9o":{"weight":1.0,"played":[1.0,0.0,0.0],"evs":[0.0,-0.04276,-0.05168]},"J9o":{"weight":1.0,"played":[1.0,0.0,0.0],"evs":[0.0,-0.05201,-0.05793]},"Q9o":{"weight":1.0,"played":[1.0,0.0,0.0],"evs":[0.0,-0.06382,-0.07056]},"K9o":{"weight":1.0,"played":[1.0,0.0,0.0],"evs":[0.0,-0.04806,-0.03455]},"A9o":{"weight":1.0,"played":[1.0,0.0,0.0],"evs":[0.0,-0.05977,-0.03562]},"T2s":{"weight":1.0,