{"player":2,"street":0,"children":3,"sequence":[{"player":0,"type":"R","amount":250000,"street":0},{"player":1,"type":"R","amount":1000000,"street":0}],"actions":[{"type":"F","amount":0,"node":209},{"type":"R","amount":2000000,"node":173},{"type":"R","amount":10000000}],"hands":{"22":{"weight":1.0,"played":[1.0,0.0,0.0],"evs":[0.0,-0.12492,-1.07367]},"32o":{"weight":1.0,"played":[1.0,0.0,0.0],"evs":[0.0,-0.24475,-1.95366]},"42o":{"weight":1.0,"played":[1.0,0.0,0.0],"evs":[0.0,-0.22323,-1.90487]},"52o":{"weight":1.0,"played":[1.0,0.0,0.0],"evs":[0.0,-0.21491,-1.86733]},"62o":{"weight":1.0,"played":[1.0,0.0,0.0],"evs":[0.0,-0.22331,-1.94028]},"72o":{"weight":1.0,"played":[1.0,0.0,0.0],"evs":[0.0,-0.26659,-2.10316]},"82o":{"weight":1.0,"played":[1.0,0.0,0.0],"evs":[0.0,-0.25994,-2.05629]},"92o":{"weight":1.0,"played":[1.0,0.0,0.0],"evs":[0.0,-0.25976,-2.06956]},"T2o":{"weight":1.0,"played":[1.0,0.0,0.0],"evs":[0.0,-0.2822,-2.07553]},"J2o":{"weight":1.0,"played":[1.0,0.0,0.0],"evs":[0.0,-0.28405,-2.08896]},"Q2o":{"weight":1.0,"played":[1.0,0.0,0.0],"evs":[0.0,-0.30114,-2.08253]},"K2o":{"weight":1.0,"played":[1.0,0.0,0.0],"evs":[0.0,-0.17349,-1.89043]},"A2o":{"weight":1.0,"played":[1.0,0.0,0.0],"evs":[0.0,-0.13717,-1.3003]},"32s":{"weight":1.0,"played":[1.0,0.0,0.0],"evs":[0.0,-0.15699,-1.54372]},"33":{"weight":1.0,"played":[1.0,0.0,0.0],"evs":[0.0,-0.13737,-1.07928]},"43o":{"weight":1.0,"played":[1.0,0.0,0.0],"evs":[0.0,-0.20119,-1.77362]},"53o":{"weight":1.0,"played":[1.0,0.0,0.0],"evs":[0.0,-0.1864,-1.72183]},"63o":{"weight":1.0,"played":[1.0,0.0,0.0],"evs":[0.0,-0.19708,-1.80348]},"73o":{"weight":1.0,"played":[1.0,0.0,0.0],"evs":[0.0,-0.2516,-1.97166]},"83o":{"weight":1.0,"played":[1.0,0.0,0.0],"evs":[0.0,-0.28281,-2.0957]},"93o":{"weight":1.0,"played":[1.0,0.0,0.0],"evs":[0.0,-0.27273,-2.06285]},"T3o":{"weight":1.0,"played":[1.0,0.0,0.0],"evs":[0.0,-0.29164,-2.07486]},"J3o":{"weight":1.0,"played":[1.0,0.0,0.0],"evs":[0.0,-0.29571,-2.08522]},"Q3o":{"weight":1.0,"played":[1.0,0.0,0.0],"evs":[0.0,-0.31417,-2.0803]},"K3o":{"weight":1.0,"played":[1.0,0.0,0.0],"evs":[0.0,-0.19131,-1.89463]},"A3o":{"weight":1.0,"played":[1.0,0.0,0.0],"evs":[0.0,-0.14508,-1.30143]},"42s":{"weight":1.0,"played":[1.0,0.0,0.0],"evs":[0.0,-0.1379,-1.4966]},"43s":{"weight":1.0,"played":[1.0,0.0,0.0],"evs":[0.0,-0.10466,-1.36791]},"44":{"weight":1.0,"played":[1.0,0.0,0.0],"evs":[0.0,-0.10501,-1.02257]},"54o":{"weight":1.0,"played":[1.0,0.0,0.0],"evs":[0.0,-0.13648,-1.54962]},"64o":{"weight":1.0,"played":[1.0,0.0,0.0],"evs":[0.0,-0.14098,-1.63037]},"74o":{"weight":1.0,"played":[1.0,0.0,0.0],"evs":[0.0,-0.19853,-1.79161]},"84o":{"weight":1.0,"played":[1.0,0.0,0.0],"evs":[0.0,-0.23332,-1.92062]},"94o":{"weight":1.0,"played":[1.0,0.0,0.0],"evs":[0.0,-0.26453,-2.05908]},"T4o":{"weight":1.0,"played":[1.0,0.0,0.0],"evs":[0.0,-0.27468,-2.02544]},"J4o":{"weight":1.0,"played":[1.0,0.0,0.0],"evs":[0.0,-0.28209,-2.03]},"Q4o":{"weight":1.0,"played":[1.0,0.0,0.0],"evs":[0.0,-0.29947,-2.03544]},"K4o":{"weight":1.0,"played":[1.0,0.0,0.0],"evs":[0.0,-0.16997,-1.84687]},"A4o":{"weight":1.0,"played":[1.0,0.0,0.0],"evs":[0.0,-0.12159,-1.25036]},"52s":{"weight":1.0,"played":[1.0,0.0,0.0],"evs":[0.0,-0.12189,-1.44882]},"53s":{"weight":1.0,"played":[1.0,0.0,0.0],"evs":[0.0,-0.0967,-1.331]},"54s":{"weight":1.0,"played":[1.0,0.0,0.0],"evs":[0.0,-0.04255,-1.15877]},"55":{"weight":1.0,"played":[1.0,0.0,0.0],"evs":[0.0,-0.06859,-0.97021]},"65o":{"weight":1.0,"played":[1.0,0.0,0.0],"evs":[0.0,-0.09428,-1.46273]},"75o":{"weight":1.0,"played":[1.0,0.0,0.0],"evs":[0.0,-0.14567,-1.62248]},"85o":{"weight":1.0,"played":[1.0,0.0,0.0],"evs":[0.0,-0.18135,-1.7495]},"95o":{"weight":1.0,"played":[1.0,0.0,0.0],"evs":[0.0,-0.21644,-1.88764]},"T5o":{"weight":1.0,"played":[1.0,0.0,0.0],"evs":[0.0,-0.27072,-2.02603]},"J5o":{"weight":1.0,"played":[1.0,0.0,0.0],"evs":[0.0,-0.27024,-2.00198]},"Q5o":{"weight":1.0,"played":[1.0,0.0,0.0],"evs":[0.0,-0.2928,-2.00206]},"K5o":{"weight":1.0,"played":[1.0,0.0,0.0],"evs":[0.0,-0.16096,-1.8132]},"A5o":{"weight":1.0,"played":[1.0,0.0,0.0],"evs":[0.0,-0.10628,-1.21838]},"62s":{"weight":1.0,"played":[1.0,0.0,0.0],"evs":[0.0,-0.12809,-1.52888]},"63s":{"weight":1.0,"played":[1.0,0.0,0.0],"evs":[0.0,-0.09988,-1.41427]},"64s":{"weight":1.0,"played":[1.0,0.0,0.0],"evs":[0.0,-0.05408,-1.24803]},"65s":{"weight":1.0,"played":[0.9995,5.0E-4,0.0],"evs":[0.0,-0.00746,-1.08415]},"66":{"weight":1.0,"played":[1.0,0.0,0.0],"evs":[0.0,-0.01337,-0.90029]},"76o":{"weight":1.0,"played":[1.0,0.0,0.0],"evs":[0.0,-0.1003,-1.46956]},"86o":{"weight":1.0,"played":[1.0,0.0,0.0],"evs":[0.0,-0.12677,-1.59539]},"96o":{"weight":1.0,"played":[1.0,0.0,0.0],"evs":[0.0,-0.15779,-1.73117]},"T6o":{"weight":1.0,"played":[1.0,0.0,0.0],"evs":[0.0,-0.21875,-1.86166]},"J6o":{"weight":1.0,"played":[1.0,0.0,0.0],"evs":[0.0,-0.256,-1.99802]},"Q6o":{"weight":1.0,"played":[1.0,0.0,0.0],"evs":[0.0,-0.26885,-1.9625]},"K6o":{"weight":1.0,"played":[1.0,0.0,0.0],"evs":[0.0,-0.14037,-1.76801]},"A6o":{"weight":1.0,"played":[1.0,0.0,0.0],"evs":[0.0,-0.12058,-1.36012]},"72s":{"weight":1.0,"played":[1.0,0.0,0.0],"evs":[0.0,-0.16543,-1.68341]},"73s":{"weight":1.0,"played":[1.0,0.0,0.0],"evs":[0.0,-0.15207,-1.55687]},"74s":{"weight":1.0,"played":[1.0,0.0,0.0],"evs":[0.0,-0.10134,-1.39131]},"75s":{"weight":1.0,"played":[1.0,0.0,0.0],"evs":[0.0,-0.05502,-1.23638]},"76s":{"weight":1.0,"played":[0.9967,0.0033,0.0],"evs":[0.0,-0.01068,-1.07712]},"77":{"weight":1.0,"played":[1.0,0.0,0.0],"evs":[0.0,-0.01814,-0.8681]},"87o":{"weight":1.0,"played":[1.0,0.0,0.0],"evs":[0.0,-0.10575,-1.47821]},"97o":{"weight":1.0,"played":[1.0,0.0,0.0],"evs":[0.0,-0.13308,-1.6234]},"T7o":{"weight":1.0,"played":[1.0,0.0,0.0],"evs":[0.0,-0.19147,-1.75218]},"J7o":{"weight":1.0,"played":[1.0,0.0,0.0],"evs":[0.0,-0.23559,-1.89324]},"Q7o":{"weight":1.0,"played":[1.0,0.0,0.0],"evs":[0.0,-0.285,-2.00658]},"K7o":{"weight":1.0,"played":[1.0,0.0,0.0],"evs":[0.0,-0.14803,-1.77505]},"A7o":{"weight":1.0,"played":[1.0,0.0,0.0],"evs":[0.0,-0.1252,-1.33208]},"82s":{"weight":1.0,"played":[1.0,0.0,0.0],"evs":[0.0,-0.16456,-1.64988]},"83s":{"weight":1.0,"played":[1.0,0.0,0.0],"evs":[0.0,-0.18321,-1.68447]},"84s":{"weight":1.0,"played":[1.0,0.0,0.0],"evs":[0.0,-0.13807,-1.50663]},"85s":{"weight":1.0,"played":[1.0,0.0,0.0],"evs":[0.0,-0.08968,-1.35166]},"86s":{"weight":1.0,"played":[1.0,0.0,0.0],"evs":[0.0,-0.03256,-1.19831]},"87s":{"weight":1.0,"played":[1.0,0.0,0.0],"evs":[0.0,-0.01441,-1.09764]},"88":{"weight":1.0,"played":[0.9906,0.0094,0.0],"evs":[0.0,-0.00652,-0.77407]},"98o":{"weight":1.0,"played":[1.0,0.0,0.0],"evs":[0.0,-0.11917,-1.53494]},"T8o":{"weight":1.0,"played":[1.0,0.0,0.0],"evs":[0.0,-0.1602,-1.61806]},"J8o":{"weight":1.0,"played":[1.0,0.0,0.0],"evs":[0.0,-0.20305,-1.75162]},"Q8o":{"weight":1.0,"played":[1.0,0.0,0.0],"evs":[0.0,-0.25551,-1.86219]},"K8o":{"weight":1.0,"played":[1.0,0.0,0.0],"evs":[0.0,-0.15793,-1.77998]},"A8o":{"weight":1.0,"played":[1.0,0.0,0.0],"evs":[0.0,-0.12659,-1.31022]},"92s":{"weight":1.0,"played":[1.0,0.0,0.0],"evs":[0.0,-0.16056,-1.64674]},"93s":{"weight":1.0,"played":[1.0,0.0,0.0],"evs":[0.0,-0.17335,-1.65362]},"94s":{"weight":1.0,"played":[1.0,0.0,0.0],"evs":[0.0,-0.16183,-1.63242]},"95s":{"weight":1.0,"played":[1.0,0.0,0.0],"evs":[0.0,-0.12087,-1.48715]},"96s":{"weight":1.0,"played":[1.0,0.0,0.0],"evs":[0.0,-0.06572,-1.33175]},"97s":{"weight":1.0,"played":[1.0,0.0,0.0],"evs":[0.0,-0.04663,-1.23209]},"98s":{"weight":1.0,"played":[1.0,0.0,0.0],"evs":[0.0,-0.02986,-1.15775]},"99":{"weight":1.0,"played":[1.0,0.0,0.0],"evs":[0.0,-0.01718,-0.72533]},"T9o":{"weight":1.0,"played":[1.0,0.0,0.0],"evs":[0.0,-0.13929,-1.52841]},"J9o":{"weight":1.0,"played":[1.0,0.0,0.0],"evs":[0.0,-0.1841,-1.65831]},"Q9o":{"weight":1.0,"played":[1.0,0.0,0.0],"evs":[0.0,-0.23918,-1.77056]},"K9o":{"weight":1.0,"played":[1.0,0.0,0.0],"evs":[0.0,-0.13872,-1.70132]},"A9o":{"weight":1.0,"played":[1.0,0.0,0.0],"evs":[0.0,-0.11821,-1.32471]},"T2s":{"weight":1.0,