{"player":2,"street":0,"children":3,"sequence":[{"player":0,"type":"R","amount":250000,"street":0},{"player":1,"type":"F","amount":0,"street":0}],"actions":[{"type":"F","amount":0,"node":518},{"type":"C","amount":250000,"node":302},{"type":"R","amount":1000000,"node":426}],"hands":{"22":{"weight":1.0,"played":[0.9866,0.0134,0.0],"evs":[0.0,-5.0E-5,-0.02386]},"32o":{"weight":1.0,"played":[1.0,0.0,0.0],"evs":[0.0,-0.06855,-0.08493]},"42o":{"weight":1.0,"played":[1.0,0.0,0.0],"evs":[0.0,-0.06287,-0.07768]},"52o":{"weight":1.0,"played":[1.0,0.0,0.0],"evs":[0.0,-0.06644,-0.07913]},"62o":{"weight":1.0,"played":[1.0,0.0,0.0],"evs":[0.0,-0.09041,-0.09608]},"72o":{"weight":1.0,"played":[1.0,0.0,0.0],"evs":[0.0,-0.10642,-0.10275]},"82o":{"weight":1.0,"played":[1.0,0.0,0.0],"evs":[0.0,-0.09944,-0.09877]},"92o":{"weight":1.0,"played":[1.0,0.0,0.0],"evs":[0.0,-0.10143,-0.10157]},"T2o":{"weight":1.0,"played":[1.0,0.0,0.0],"evs":[0.0,-0.09373,-0.08597]},"J2o":{"weight":1.0,"played":[1.0,0.0,0.0],"evs":[0.0,-0.09018,-0.08661]},"Q2o":{"weight":1.0,"played":[1.0,0.0,0.0],"evs":[0.0,-0.08493,-0.07919]},"K2o":{"weight":1.0,"played":[1.0,0.0,0.0],"evs":[0.0,-0.06754,-0.04395]},"A2o":{"weight":1.0,"played":[1.0,0.0,0.0],"evs":[0.0,-0.06551,-0.042]},"32s":{"weight":1.0,"played":[1.0,0.0,0.0],"evs":[0.0,-0.03245,-0.05146]},"33":{"weight":1.0,"played":[0.945,0.055,0.0],"evs":[0.0,-2.5E-4,-0.01568]},"43o":{"weight":1.0,"played":[1.0,0.0,0.0],"evs":[0.0,-0.04867,-0.06591]},"53o":{"weight":1.0,"played":[1.0,0.0,0.0],"evs":[0.0,-0.04719,-0.06551]},"63o":{"weight":1.0,"played":[1.0,0.0,0.0],"evs":[0.0,-0.06801,-0.08227]},"73o":{"weight":1.0,"played":[1.0,0.0,0.0],"evs":[0.0,-0.08989,-0.092]},"83o":{"weight":1.0,"played":[1.0,0.0,0.0],"evs":[0.0,-0.0994,-0.09998]},"93o":{"weight":1.0,"played":[1.0,0.0,0.0],"evs":[0.0,-0.09835,-0.09892]},"T3o":{"weight":1.0,"played":[1.0,0.0,0.0],"evs":[0.0,-0.09127,-0.08391]},"J3o":{"weight":1.0,"played":[1.0,0.0,0.0],"evs":[0.0,-0.08646,-0.08438]},"Q3o":{"weight":1.0,"played":[1.0,0.0,0.0],"evs":[0.0,-0.08102,-0.07777]},"K3o":{"weight":1.0,"played":[1.0,0.0,0.0],"evs":[0.0,-0.06246,-0.04094]},"A3o":{"weight":1.0,"played":[1.0,0.0,0.0],"evs":[0.0,-0.06003,-0.0377]},"42s":{"weight":1.0,"played":[1.0,0.0,0.0],"evs":[0.0,-0.02635,-0.04388]},"43s":{"weight":1.0,"played":[1.0,0.0,0.0],"evs":[0.0,-0.01078,-0.02455]},"44":{"weight":1.0,"played":[0.8144,0.1856,0.0],"evs":[0.0,-1.5E-4,-0.00529]},"54o":{"weight":1.0,"played":[1.0,0.0,0.0],"evs":[0.0,-0.03964,-0.05158]},"64o":{"weight":1.0,"played":[1.0,0.0,0.0],"evs":[0.0,-0.04941,-0.06558]},"74o":{"weight":1.0,"played":[1.0,0.0,0.0],"evs":[0.0,-0.06915,-0.07388]},"84o":{"weight":1.0,"played":[1.0,0.0,0.0],"evs":[0.0,-0.08487,-0.0842]},"94o":{"weight":1.0,"played":[1.0,0.0,0.0],"evs":[0.0,-0.09879,-0.09562]},"T4o":{"weight":1.0,"played":[1.0,0.0,0.0],"evs":[0.0,-0.08957,-0.07852]},"J4o":{"weight":1.0,"played":[1.0,0.0,0.0],"evs":[0.0,-0.08571,-0.07931]},"Q4o":{"weight":1.0,"played":[1.0,0.0,0.0],"evs":[0.0,-0.07857,-0.07298]},"K4o":{"weight":1.0,"played":[1.0,0.0,0.0],"evs":[0.0,-0.06017,-0.03506]},"A4o":{"weight":1.0,"played":[1.0,0.0,0.0],"evs":[0.0,-0.05563,-0.02859]},"52s":{"weight":1.0,"played":[1.0,0.0,0.0],"evs":[0.0,-0.02844,-0.04475]},"53s":{"weight":1.0,"played":[1.0,0.0,0.0],"evs":[0.0,-0.00786,-0.02313]},"54s":{"weight":1.0,"played":[0.1723,0.6581,0.1695],"evs":[0.0,2.3E-4,-2.1E-4]},"55":{"weight":1.0,"played":[0.5869,0.4094,0.0036],"evs":[0.0,2.0E-5,-0.00148]},"65o":{"weight":1.0,"played":[1.0,0.0,0.0],"evs":[0.0,-0.04207,-0.05636]},"75o":{"weight":1.0,"played":[1.0,0.0,0.0],"evs":[0.0,-0.05147,-0.06088]},"85o":{"weight":1.0,"played":[1.0,0.0,0.0],"evs":[0.0,-0.06588,-0.07099]},"95o":{"weight":1.0,"played":[1.0,0.0,0.0],"evs":[0.0,-0.08903,-0.0882]},"T5o":{"weight":1.0,"played":[1.0,0.0,0.0],"evs":[0.0,-0.09187,-0.07896]},"J5o":{"weight":1.0,"played":[1.0,0.0,0.0],"evs":[0.0,-0.08694,-0.07739]},"Q5o":{"weight":1.0,"played":[1.0,0.0,0.0],"evs":[0.0,-0.07853,-0.07267]},"K5o":{"weight":1.0,"played":[1.0,0.0,0.0],"evs":[0.0,-0.06031,-0.03539]},"A5o":{"weight":1.0,"played":[1.0,0.0,0.0],"evs":[0.0,-0.05276,-0.02382]},"62s":{"weight":1.0,"played":[1.0,0.0,0.0],"evs":[0.0,-0.05134,-0.06377]},"63s":{"weight":1.0,"played":[1.0,0.0,0.0],"evs":[0.0,-0.02783,-0.04195]},"64s":{"weight":1.0,"played":[1.0,0.0,0.0],"evs":[0.0,-0.00801,-0.01786]},"65s":{"weight":1.0,"played":[0.3604,0.4655,0.1741],"evs":[0.0,1.6E-4,1.0E-4]},"66":{"weight":1.0,"played":[0.1161,0.759,0.125],"evs":[0.0,2.6E-4,-1.4E-4]},"76o":{"weight":1.0,"played":[1.0,0.0,0.0],"evs":[0.0,-0.04216,-0.05539]},"86o":{"weight":1.0,"played":[1.0,0.0,0.0],"evs":[0.0,-0.0477,-0.06251]},"96o":{"weight":1.0,"played":[1.0,0.0,0.0],"evs":[0.0,-0.06881,-0.07702]},"T6o":{"weight":1.0,"played":[1.0,0.0,0.0],"evs":[0.0,-0.08067,-0.0739]},"J6o":{"weight":1.0,"played":[1.0,0.0,0.0],"evs":[0.0,-0.08652,-0.08216]},"Q6o":{"weight":1.0,"played":[1.0,0.0,0.0],"evs":[0.0,-0.07915,-0.07713]},"K6o":{"weight":1.0,"played":[1.0,0.0,0.0],"evs":[0.0,-0.05853,-0.03687]},"A6o":{"weight":1.0,"played":[1.0,0.0,0.0],"evs":[0.0,-0.06754,-0.04028]},"72s":{"weight":1.0,"played":[1.0,0.0,0.0],"evs":[0.0,-0.06756,-0.07161]},"73s":{"weight":1.0,"played":[1.0,0.0,0.0],"evs":[0.0,-0.04952,-0.06]},"74s":{"weight":1.0,"played":[1.0,0.0,0.0],"evs":[0.0,-0.02868,-0.03629]},"75s":{"weight":1.0,"played":[1.0,0.0,0.0],"evs":[0.0,-0.0107,-0.017]},"76s":{"weight":1.0,"played":[0.5735,0.2904,0.1361],"evs":[0.0,-7.0E-5,-8.0E-5]},"77":{"weight":1.0,"played":[0.0,0.8748,0.1252],"evs":[0.0,0.00944,0.00923]},"87o":{"weight":1.0,"played":[1.0,0.0,0.0],"evs":[0.0,-0.04245,-0.055]},"97o":{"weight":1.0,"played":[1.0,0.0,0.0],"evs":[0.0,-0.05123,-0.06473]},"T7o":{"weight":1.0,"played":[1.0,0.0,0.0],"evs":[0.0,-0.06318,-0.05882]},"J7o":{"weight":1.0,"played":[1.0,0.0,0.0],"evs":[0.0,-0.07563,-0.0697]},"Q7o":{"weight":1.0,"played":[1.0,0.0,0.0],"evs":[0.0,-0.07915,-0.07596]},"K7o":{"weight":1.0,"played":[1.0,0.0,0.0],"evs":[0.0,-0.0595,-0.03685]},"A7o":{"weight":1.0,"played":[1.0,0.0,0.0],"evs":[0.0,-0.06529,-0.03751]},"82s":{"weight":1.0,"played":[1.0,0.0,0.0],"evs":[0.0,-0.06171,-0.06736]},"83s":{"weight":1.0,"played":[1.0,0.0,0.0],"evs":[0.0,-0.06105,-0.06915]},"84s":{"weight":1.0,"played":[1.0,0.0,0.0],"evs":[0.0,-0.0455,-0.05332]},"85s":{"weight":1.0,"played":[1.0,0.0,0.0],"evs":[0.0,-0.02545,-0.03383]},"86s":{"weight":1.0,"played":[1.0,0.0,0.0],"evs":[0.0,-0.00572,-0.01668]},"87s":{"weight":1.0,"played":[0.8214,0.0642,0.1144],"evs":[0.0,-2.7E-4,-2.3E-4]},"88":{"weight":1.0,"played":[0.0,0.9751,0.0249],"evs":[0.0,0.02363,0.02344]},"98o":{"weight":1.0,"played":[1.0,0.0,0.0],"evs":[0.0,-0.04424,-0.06193]},"T8o":{"weight":1.0,"played":[1.0,0.0,0.0],"evs":[0.0,-0.04478,-0.04683]},"J8o":{"weight":1.0,"played":[1.0,0.0,0.0],"evs":[0.0,-0.05716,-0.05522]},"Q8o":{"weight":1.0,"played":[1.0,0.0,0.0],"evs":[0.0,-0.07103,-0.06766]},"K8o":{"weight":1.0,"played":[1.0,0.0,0.0],"evs":[0.0,-0.05671,-0.03838]},"A8o":{"weight":1.0,"played":[1.0,0.0,0.0],"evs":[0.0,-0.06118,-0.03399]},"92s":{"weight":1.0,"played":[1.0,0.0,0.0],"evs":[0.0,-0.06326,-0.06961]},"93s":{"weight":1.0,"played":[1.0,0.0,0.0],"evs":[0.0,-0.05944,-0.06817]},"94s":{"weight":1.0,"played":[1.0,0.0,0.0],"evs":[0.0,-0.06052,-0.06499]},"95s":{"weight":1.0,"played":[1.0,0.0,0.0],"evs":[0.0,-0.0478,-0.0563]},"96s":{"weight":1.0,"played":[1.0,0.0,0.0],"evs":[0.0,-0.02615,-0.03679]},"97s":{"weight":1.0,"played":[1.0,0.0,0.0],"evs":[0.0,-0.00772,-0.01865]},"98s":{"weight":1.0,"played":[1.0,0.0,0.0],"evs":[0.0,-6.1E-4,-0.00828]},"99":{"weight":1.0,"played":[0.0,0.9785,0.0215],"evs":[0.0,0.04025,0.03992]},"T9o":{"weight":1.0,"played":[1.0,0.0,0.0],"evs":[0.0,-0.04361,-0.04714]},"J9o":{"weight":1.0,"played":[1.0,0.0,0.0],"evs":[0.0,-0.04703,-0.05467]},"Q9o":{"weight":1.0,"played":[1.0,0.0,0.0],"evs":[0.0,-0.05963,-0.064]},"K9o":{"weight":1.0,"played":[1.0,0.0,0.0],"evs":[0.0,-0.05002,-0.03828]},"A9o":{"weight":1.0,"played":[1.0,0.0,0.0],