{"player":2,"street":0,"children":3,"sequence":[{"player":0,"type":"F","amount":0,"street":0},{"player":1,"type":"R","amount":250000,"street":0}],"actions":[{"type":"F","amount":0,"node":1066},{"type":"C","amount":250000,"node":849},{"type":"R","amount":1000000,"node":973}],"hands":{"22":{"weight":1.0,"played":[0.9873,0.0127,0.0],"evs":[0.0,-7.8E-4,-0.02553]},"32o":{"weight":1.0,"played":[1.0,0.0,0.0],"evs":[0.0,-0.0692,-0.08467]},"42o":{"weight":1.0,"played":[1.0,0.0,0.0],"evs":[0.0,-0.06585,-0.07984]},"52o":{"weight":1.0,"played":[1.0,0.0,0.0],"evs":[0.0,-0.0671,-0.07769]},"62o":{"weight":1.0,"played":[1.0,0.0,0.0],"evs":[0.0,-0.08988,-0.09634]},"72o":{"weight":1.0,"played":[1.0,0.0,0.0],"evs":[0.0,-0.1047,-0.10261]},"82o":{"weight":1.0,"played":[1.0,0.0,0.0],"evs":[0.0,-0.09862,-0.09931]},"92o":{"weight":1.0,"played":[1.0,0.0,0.0],"evs":[0.0,-0.09952,-0.10086]},"T2o":{"weight":1.0,"played":[1.0,0.0,0.0],"evs":[0.0,-0.09435,-0.08621]},"J2o":{"weight":1.0,"played":[1.0,0.0,0.0],"evs":[0.0,-0.09025,-0.08486]},"Q2o":{"weight":1.0,"played":[1.0,0.0,0.0],"evs":[0.0,-0.08243,-0.07513]},"K2o":{"weight":1.0,"played":[1.0,0.0,0.0],"evs":[0.0,-0.06905,-0.04394]},"A2o":{"weight":1.0,"played":[1.0,0.0,0.0],"evs":[0.0,-0.06497,-0.04099]},"32s":{"weight":1.0,"played":[1.0,0.0,0.0],"evs":[0.0,-0.03362,-0.05201]},"33":{"weight":1.0,"played":[0.9246,0.0754,0.0],"evs":[0.0,-9.0E-5,-0.01761]},"43o":{"weight":1.0,"played":[1.0,0.0,0.0],"evs":[0.0,-0.05123,-0.06837]},"53o":{"weight":1.0,"played":[1.0,0.0,0.0],"evs":[0.0,-0.04743,-0.06488]},"63o":{"weight":1.0,"played":[1.0,0.0,0.0],"evs":[0.0,-0.06764,-0.08274]},"73o":{"weight":1.0,"played":[1.0,0.0,0.0],"evs":[0.0,-0.08733,-0.09253]},"83o":{"weight":1.0,"played":[1.0,0.0,0.0],"evs":[0.0,-0.0981,-0.10053]},"93o":{"weight":1.0,"played":[1.0,0.0,0.0],"evs":[0.0,-0.096,-0.09722]},"T3o":{"weight":1.0,"played":[1.0,0.0,0.0],"evs":[0.0,-0.09118,-0.08408]},"J3o":{"weight":1.0,"played":[1.0,0.0,0.0],"evs":[0.0,-0.08584,-0.08328]},"Q3o":{"weight":1.0,"played":[1.0,0.0,0.0],"evs":[0.0,-0.0772,-0.07241]},"K3o":{"weight":1.0,"played":[1.0,0.0,0.0],"evs":[0.0,-0.06461,-0.04094]},"A3o":{"weight":1.0,"played":[1.0,0.0,0.0],"evs":[0.0,-0.05969,-0.03533]},"42s":{"weight":1.0,"played":[1.0,0.0,0.0],"evs":[0.0,-0.02948,-0.04629]},"43s":{"weight":1.0,"played":[1.0,0.0,0.0],"evs":[0.0,-0.01312,-0.02653]},"44":{"weight":1.0,"played":[0.8861,0.1139,0.0],"evs":[0.0,-6.0E-5,-0.01181]},"54o":{"weight":1.0,"played":[1.0,0.0,0.0],"evs":[0.0,-0.03934,-0.05442]},"64o":{"weight":1.0,"played":[1.0,0.0,0.0],"evs":[0.0,-0.04905,-0.06778]},"74o":{"weight":1.0,"played":[1.0,0.0,0.0],"evs":[0.0,-0.06815,-0.0784]},"84o":{"weight":1.0,"played":[1.0,0.0,0.0],"evs":[0.0,-0.08401,-0.08775]},"94o":{"weight":1.0,"played":[1.0,0.0,0.0],"evs":[0.0,-0.09771,-0.09628]},"T4o":{"weight":1.0,"played":[1.0,0.0,0.0],"evs":[0.0,-0.09078,-0.08143]},"J4o":{"weight":1.0,"played":[1.0,0.0,0.0],"evs":[0.0,-0.08548,-0.08033]},"Q4o":{"weight":1.0,"played":[1.0,0.0,0.0],"evs":[0.0,-0.07645,-0.06951]},"K4o":{"weight":1.0,"played":[1.0,0.0,0.0],"evs":[0.0,-0.06304,-0.03747]},"A4o":{"weight":1.0,"played":[1.0,0.0,0.0],"evs":[0.0,-0.05665,-0.02894]},"52s":{"weight":1.0,"played":[1.0,0.0,0.0],"evs":[0.0,-0.02957,-0.04368]},"53s":{"weight":1.0,"played":[1.0,0.0,0.0],"evs":[0.0,-0.00883,-0.02155]},"54s":{"weight":1.0,"played":[0.2914,0.5396,0.169],"evs":[0.0,4.0E-4,-6.0E-5]},"55":{"weight":1.0,"played":[0.4993,0.4864,0.0143],"evs":[0.0,-1.0E-5,-2.2E-4]},"65o":{"weight":1.0,"played":[1.0,0.0,0.0],"evs":[0.0,-0.04145,-0.05582]},"75o":{"weight":1.0,"played":[1.0,0.0,0.0],"evs":[0.0,-0.05091,-0.06224]},"85o":{"weight":1.0,"played":[1.0,0.0,0.0],"evs":[0.0,-0.0661,-0.07191]},"95o":{"weight":1.0,"played":[1.0,0.0,0.0],"evs":[0.0,-0.08602,-0.08456]},"T5o":{"weight":1.0,"played":[1.0,0.0,0.0],"evs":[0.0,-0.09228,-0.07917]},"J5o":{"weight":1.0,"played":[1.0,0.0,0.0],"evs":[0.0,-0.08501,-0.07613]},"Q5o":{"weight":1.0,"played":[1.0,0.0,0.0],"evs":[0.0,-0.07522,-0.06686]},"K5o":{"weight":1.0,"played":[1.0,0.0,0.0],"evs":[0.0,-0.06118,-0.03519]},"A5o":{"weight":1.0,"played":[1.0,0.0,0.0],"evs":[0.0,-0.05332,-0.02114]},"62s":{"weight":1.0,"played":[1.0,0.0,0.0],"evs":[0.0,-0.05198,-0.06562]},"63s":{"weight":1.0,"played":[1.0,0.0,0.0],"evs":[0.0,-0.02789,-0.04153]},"64s":{"weight":1.0,"played":[1.0,0.0,0.0],"evs":[0.0,-0.00934,-0.01967]},"65s":{"weight":1.0,"played":[0.4276,0.3826,0.1898],"evs":[0.0,-1.2E-4,-3.0E-5]},"66":{"weight":1.0,"played":[0.0031,0.852,0.1448],"evs":[0.0,3.1E-4,1.2E-4]},"76o":{"weight":1.0,"played":[1.0,0.0,0.0],"evs":[0.0,-0.0414,-0.05739]},"86o":{"weight":1.0,"played":[1.0,0.0,0.0],"evs":[0.0,-0.04792,-0.0652]},"96o":{"weight":1.0,"played":[1.0,0.0,0.0],"evs":[0.0,-0.0671,-0.07667]},"T6o":{"weight":1.0,"played":[1.0,0.0,0.0],"evs":[0.0,-0.07986,-0.07482]},"J6o":{"weight":1.0,"played":[1.0,0.0,0.0],"evs":[0.0,-0.08461,-0.08277]},"Q6o":{"weight":1.0,"played":[1.0,0.0,0.0],"evs":[0.0,-0.07466,-0.0717]},"K6o":{"weight":1.0,"played":[1.0,0.0,0.0],"evs":[0.0,-0.05835,-0.03862]},"A6o":{"weight":1.0,"played":[1.0,0.0,0.0],"evs":[0.0,-0.06585,-0.03885]},"72s":{"weight":1.0,"played":[1.0,0.0,0.0],"evs":[0.0,-0.06619,-0.07381]},"73s":{"weight":1.0,"played":[1.0,0.0,0.0],"evs":[0.0,-0.04883,-0.06129]},"74s":{"weight":1.0,"played":[1.0,0.0,0.0],"evs":[0.0,-0.029,-0.03981]},"75s":{"weight":1.0,"played":[1.0,0.0,0.0],"evs":[0.0,-0.01057,-0.01552]},"76s":{"weight":1.0,"played":[0.6422,0.2411,0.1167],"evs":[0.0,-3.4E-4,-2.5E-4]},"77":{"weight":1.0,"played":[0.0,0.8684,0.1316],"evs":[0.0,0.00925,0.0089]},"87o":{"weight":1.0,"played":[1.0,0.0,0.0],"evs":[0.0,-0.04319,-0.05791]},"97o":{"weight":1.0,"played":[1.0,0.0,0.0],"evs":[0.0,-0.05122,-0.06465]},"T7o":{"weight":1.0,"played":[1.0,0.0,0.0],"evs":[0.0,-0.06391,-0.06184]},"J7o":{"weight":1.0,"played":[1.0,0.0,0.0],"evs":[0.0,-0.07409,-0.07052]},"Q7o":{"weight":1.0,"played":[1.0,0.0,0.0],"evs":[0.0,-0.07563,-0.07071]},"K7o":{"weight":1.0,"played":[1.0,0.0,0.0],"evs":[0.0,-0.05937,-0.0371]},"A7o":{"weight":1.0,"played":[1.0,0.0,0.0],"evs":[0.0,-0.06252,-0.03557]},"82s":{"weight":1.0,"played":[1.0,0.0,0.0],"evs":[0.0,-0.06051,-0.06983]},"83s":{"weight":1.0,"played":[1.0,0.0,0.0],"evs":[0.0,-0.05995,-0.07052]},"84s":{"weight":1.0,"played":[1.0,0.0,0.0],"evs":[0.0,-0.04518,-0.05742]},"85s":{"weight":1.0,"played":[1.0,0.0,0.0],"evs":[0.0,-0.02583,-0.03449]},"86s":{"weight":1.0,"played":[1.0,0.0,0.0],"evs":[0.0,-0.00708,-0.01671]},"87s":{"weight":1.0,"played":[0.8599,0.0253,0.1148],"evs":[0.0,-5.3E-4,-3.5E-4]},"88":{"weight":1.0,"played":[0.0,0.9658,0.0342],"evs":[0.0,0.02435,0.02374]},"98o":{"weight":1.0,"played":[1.0,0.0,0.0],"evs":[0.0,-0.04347,-0.06191]},"T8o":{"weight":1.0,"played":[1.0,0.0,0.0],"evs":[0.0,-0.04533,-0.04876]},"J8o":{"weight":1.0,"played":[1.0,0.0,0.0],"evs":[0.0,-0.05735,-0.05677]},"Q8o":{"weight":1.0,"played":[1.0,0.0,0.0],"evs":[0.0,-0.06595,-0.06235]},"K8o":{"weight":1.0,"played":[1.0,0.0,0.0],"evs":[0.0,-0.05556,-0.0368]},"A8o":{"weight":1.0,"played":[1.0,0.0,0.0],"evs":[0.0,-0.05784,-0.03305]},"92s":{"weight":1.0,"played":[1.0,0.0,0.0],"evs":[0.0,-0.06131,-0.0704]},"93s":{"weight":1.0,"played":[1.0,0.0,0.0],"evs":[0.0,-0.05823,-0.06767]},"94s":{"weight":1.0,"played":[1.0,0.0,0.0],"evs":[0.0,-0.05899,-0.06681]},"95s":{"weight":1.0,"played":[1.0,0.0,0.0],"evs":[0.0,-0.04553,-0.05425]},"96s":{"weight":1.0,"played":[1.0,0.0,0.0],"evs":[0.0,-0.02557,-0.03617]},"97s":{"weight":1.0,"played":[1.0,0.0,0.0],"evs":[0.0,-0.00841,-0.01599]},"98s":{"weight":1.0,"played":[0.8952,0.1048,0.0],"evs":[0.0,-2.5E-4,-0.0064]},"99":{"weight":1.0,"played":[0.0,0.9665,0.0335],"evs":[0.0,0.04171,0.0412]},"T9o":{"weight":1.0,"played":[1.0,0.0,0.0],"evs":[0.0,-0.04343,-0.04726]},"J9o":{"weight":1.0,"played":[1.0,0.0,0.0],"evs":[0.0,-0.04557,-0.05352]},"Q9o":{"weight":1.0,"played":[1.0,0.0,0.0],"evs":[0.0,-0.05455,-0.05642]},"K9o":{"weight":1.0,"played":[1.0,0.0,0.0],"evs":[0.0,-0.05007,-0.03675]},"A9o":{"weight":1.0,"played":[1.0,0.0,0.0],