{"equityUnit":"TABLE_EQUITY_PERCENT","conversionFactors":{"toUSD":226.7018,"toRegularPrizePercent":1.0},"preHandEquity":[28.73182,28.85563,42.41256],"bubbleFactors":[[-1.0,1.093,1.735],[1.093,-1.0,1.735],[1.052,1.052,-1.0]]}