{"equityUnit":"TABLE_EQUITY_PERCENT","conversionFactors":{"toUSD":9.0,"toRegularPrizePercent":0.9},"preHandEquity":[32.82005,36.39291,30.78704],"bubbleFactors":[[-1.0,1.738,1.214],[1.305,-1.0,1.188],[1.276,1.528,-1.0]]}