{"equityUnit":"TABLE_EQUITY_PERCENT","conversionFactors":{"toUSD":32.2,"toRegularPrizePercent":1.0},"preHandEquity":[10.98268,17.54589,14.3991,24.00867,15.24975,7.3858,10.4281],"bubbleFactors":[[-1.0,1.582,1.522,1.685,1.539,1.217,1.401],[1.284,-1.0,1.504,2.104,1.587,1.153,1.259],[1.366,1.773,-1.0,1.917,1.72,1.187,1.331],[1.157,1.398,1.251,-1.0,1.283,1.091,1.145],[1.343,1.816,1.642,1.97,-1.0,1.178,1.311],[1.281,1.369,1.329,1.432,1.34,-1.0,1.274],[1.421,1.549,1.491,1.645,1.508,1.222,-1.0]]}