{"player":0,"street":0,"children":3,"sequence":[],"actions":[{"type":"F","amount":0,"node":11},{"type":"R","amount":200000,"node":1},{"type":"R","amount":1787500}],"hands":{"22":{"weight":1.0,"played":[1.0,0.0,0.0],"evs":[0.0,-0.0834,-0.42115]},"32o":{"weight":1.0,"played":[1.0,0.0,0.0],"evs":[0.0,-0.11941,-0.84479]},"42o":{"weight":1.0,"played":[1.0,0.0,0.0],"evs":[0.0,-0.10849,-0.81704]},"52o":{"weight":1.0,"played":[1.0,0.0,0.0],"evs":[0.0,-0.09746,-0.76813]},"62o":{"weight":1.0,"played":[1.0,0.0,0.0],"evs":[0.0,-0.10104,-0.8103]},"72o":{"weight":1.0,"played":[1.0,0.0,0.0],"evs":[0.0,-0.10932,-0.82101]},"82o":{"weight":1.0,"played":[1.0,0.0,0.0],"evs":[0.0,-0.10814,-0.78171]},"92o":{"weight":1.0,"played":[1.0,0.0,0.0],"evs":[0.0,-0.10375,-0.75879]},"T2o":{"weight":1.0,"played":[1.0,0.0,0.0],"evs":[0.0,-0.09481,-0.72616]},"J2o":{"weight":1.0,"played":[1.0,0.0,0.0],"evs":[0.0,-0.08782,-0.68964]},"Q2o":{"weight":1.0,"played":[1.0,0.0,0.0],"evs":[0.0,-0.08189,-0.64147]},"K2o":{"weight":1.0,"played":[1.0,0.0,0.0],"evs":[0.0,-0.07641,-0.57637]},"A2o":{"weight":1.0,"played":[1.0,0.0,0.0],"evs":[0.0,-0.03794,-0.38472]},"32s":{"weight":1.0,"played":[1.0,0.0,0.0],"evs":[0.0,-0.09442,-0.71054]},"33":{"weight":1.0,"played":[1.0,0.0,0.0],"evs":[0.0,-0.05741,-0.34139]},"43o":{"weight":1.0,"played":[1.0,0.0,0.0],"evs":[0.0,-0.08938,-0.74992]},"53o":{"weight":1.0,"played":[1.0,0.0,0.0],"evs":[0.0,-0.07702,-0.69926]},"63o":{"weight":1.0,"played":[1.0,0.0,0.0],"evs":[0.0,-0.08024,-0.74206]},"73o":{"weight":1.0,"played":[1.0,0.0,0.0],"evs":[0.0,-0.08854,-0.7514]},"83o":{"weight":1.0,"played":[1.0,0.0,0.0],"evs":[0.0,-0.09845,-0.76338]},"93o":{"weight":1.0,"played":[1.0,0.0,0.0],"evs":[0.0,-0.09144,-0.72836]},"T3o":{"weight":1.0,"played":[1.0,0.0,0.0],"evs":[0.0,-0.08315,-0.69566]},"J3o":{"weight":1.0,"played":[1.0,0.0,0.0],"evs":[0.0,-0.07598,-0.65993]},"Q3o":{"weight":1.0,"played":[1.0,0.0,0.0],"evs":[0.0,-0.06831,-0.61299]},"K3o":{"weight":1.0,"played":[1.0,0.0,0.0],"evs":[0.0,-0.06391,-0.54743]},"A3o":{"weight":1.0,"played":[1.0,0.0,0.0],"evs":[0.0,-0.02544,-0.35547]},"42s":{"weight":1.0,"played":[1.0,0.0,0.0],"evs":[0.0,-0.08293,-0.68343]},"43s":{"weight":1.0,"played":[1.0,0.0,0.0],"evs":[0.0,-0.06429,-0.62147]},"44":{"weight":1.0,"played":[1.0,0.0,0.0],"evs":[0.0,-0.03103,-0.26929]},"54o":{"weight":1.0,"played":[1.0,0.0,0.0],"evs":[0.0,-0.05995,-0.63615]},"64o":{"weight":1.0,"played":[1.0,0.0,0.0],"evs":[0.0,-0.0605,-0.67879]},"74o":{"weight":1.0,"played":[1.0,0.0,0.0],"evs":[0.0,-0.07033,-0.68969]},"84o":{"weight":1.0,"played":[1.0,0.0,0.0],"evs":[0.0,-0.07913,-0.70098]},"94o":{"weight":1.0,"played":[1.0,0.0,0.0],"evs":[0.0,-0.08236,-0.71606]},"T4o":{"weight":1.0,"played":[1.0,0.0,0.0],"evs":[0.0,-0.07199,-0.67269]},"J4o":{"weight":1.0,"played":[1.0,0.0,0.0],"evs":[0.0,-0.06547,-0.63509]},"Q4o":{"weight":1.0,"played":[1.0,0.0,0.0],"evs":[0.0,-0.05674,-0.58795]},"K4o":{"weight":1.0,"played":[1.0,0.0,0.0],"evs":[0.0,-0.05329,-0.52199]},"A4o":{"weight":1.0,"played":[1.0,0.0,0.0],"evs":[0.0,-0.01394,-0.32905]},"52s":{"weight":1.0,"played":[1.0,0.0,0.0],"evs":[0.0,-0.07151,-0.63551]},"53s":{"weight":1.0,"played":[1.0,0.0,0.0],"evs":[0.0,-0.05175,-0.57046]},"54s":{"weight":1.0,"played":[1.0,0.0,0.0],"evs":[0.0,-0.03404,-0.51419]},"55":{"weight":1.0,"played":[0.8885,0.1115,0.0],"evs":[0.0,-7.4E-4,-0.1564]},"65o":{"weight":1.0,"played":[1.0,0.0,0.0],"evs":[0.0,-0.04312,-0.5998]},"75o":{"weight":1.0,"played":[1.0,0.0,0.0],"evs":[0.0,-0.04907,-0.60914]},"85o":{"weight":1.0,"played":[1.0,0.0,0.0],"evs":[0.0,-0.05853,-0.62323]},"95o":{"weight":1.0,"played":[1.0,0.0,0.0],"evs":[0.0,-0.06252,-0.63744]},"T5o":{"weight":1.0,"played":[1.0,0.0,0.0],"evs":[0.0,-0.06097,-0.6407]},"J5o":{"weight":1.0,"played":[1.0,0.0,0.0],"evs":[0.0,-0.05277,-0.59437]},"Q5o":{"weight":1.0,"played":[1.0,0.0,0.0],"evs":[0.0,-0.04498,-0.54439]},"K5o":{"weight":1.0,"played":[1.0,0.0,0.0],"evs":[0.0,-0.04098,-0.48169]},"A5o":{"weight":1.0,"played":[0.7824,0.2176,0.0],"evs":[0.0,-2.0E-5,-0.28408]},"62s":{"weight":1.0,"played":[1.0,0.0,0.0],"evs":[0.0,-0.07419,-0.67433]},"63s":{"weight":1.0,"played":[1.0,0.0,0.0],"evs":[0.0,-0.05334,-0.61029]},"64s":{"weight":1.0,"played":[1.0,0.0,0.0],"evs":[0.0,-0.03436,-0.55202]},"65s":{"weight":1.0,"played":[1.0,0.0,0.0],"evs":[0.0,-0.01764,-0.47956]},"66":{"weight":1.0,"played":[0.001,0.999,0.0],"evs":[0.0,0.00805,-0.08883]},"76o":{"weight":1.0,"played":[1.0,0.0,0.0],"evs":[0.0,-0.03811,-0.56244]},"86o":{"weight":1.0,"played":[1.0,0.0,0.0],"evs":[0.0,-0.04267,-0.57242]},"96o":{"weight":1.0,"played":[1.0,0.0,0.0],"evs":[0.0,-0.0478,-0.58537]},"T6o":{"weight":1.0,"played":[1.0,0.0,0.0],"evs":[0.0,-0.04734,-0.59068]},"J6o":{"weight":1.0,"played":[1.0,0.0,0.0],"evs":[0.0,-0.04664,-0.59024]},"Q6o":{"weight":1.0,"played":[1.0,0.0,0.0],"evs":[0.0,-0.03782,-0.53055]},"K6o":{"weight":1.0,"played":[1.0,0.0,0.0],"evs":[0.0,-0.03424,-0.46744]},"A6o":{"weight":1.0,"played":[0.9999,1.0E-4,0.0],"evs":[0.0,-0.00378,-0.31633]},"72s":{"weight":1.0,"played":[1.0,0.0,0.0],"evs":[0.0,-0.08271,-0.68685]},"73s":{"weight":1.0,"played":[1.0,0.0,0.0],"evs":[0.0,-0.06226,-0.62348]},"74s":{"weight":1.0,"played":[1.0,0.0,0.0],"evs":[0.0,-0.04314,-0.56212]},"75s":{"weight":1.0,"played":[1.0,0.0,0.0],"evs":[0.0,-0.02263,-0.48636]},"76s":{"weight":1.0,"played":[1.0,0.0,0.0],"evs":[0.0,-0.01166,-0.44416]},"77":{"weight":1.0,"played":[0.0,1.0,0.0],"evs":[0.0,0.05999,0.00505]},"87o":{"weight":1.0,"played":[1.0,0.0,0.0],"evs":[0.0,-0.03566,-0.51782]},"97o":{"weight":1.0,"played":[1.0,0.0,0.0],"evs":[0.0,-0.03804,-0.52952]},"T7o":{"weight":1.0,"played":[1.0,0.0,0.0],"evs":[0.0,-0.03767,-0.52592]},"J7o":{"weight":1.0,"played":[1.0,0.0,0.0],"evs":[0.0,-0.0399,-0.53053]},"Q7o":{"weight":1.0,"played":[1.0,0.0,0.0],"evs":[0.0,-0.03613,-0.51522]},"K7o":{"weight":1.0,"played":[1.0,0.0,0.0],"evs":[0.0,-0.03194,-0.43239]},"A7o":{"weight":1.0,"played":[0.8949,0.1051,0.0],"evs":[0.0,7.0E-5,-0.26369]},"82s":{"weight":1.0,"played":[1.0,0.0,0.0],"evs":[0.0,-0.07984,-0.65192]},"83s":{"weight":1.0,"played":[1.0,0.0,0.0],"evs":[0.0,-0.07141,-0.63322]},"84s":{"weight":1.0,"played":[1.0,0.0,0.0],"evs":[0.0,-0.05237,-0.57266]},"85s":{"weight":1.0,"played":[1.0,0.0,0.0],"evs":[0.0,-0.03086,-0.49868]},"86s":{"weight":1.0,"played":[1.0,0.0,0.0],"evs":[0.0,-0.01504,-0.44975]},"87s":{"weight":1.0,"played":[1.0,0.0,0.0],"evs":[0.0,-0.00711,-0.40132]},"88":{"weight":1.0,"played":[0.0,1.0,0.0],"evs":[0.0,0.16225,0.1223]},"98o":{"weight":1.0,"played":[1.0,0.0,0.0],"evs":[0.0,-0.03011,-0.4742]},"T8o":{"weight":1.0,"played":[1.0,0.0,0.0],"evs":[0.0,-0.03009,-0.46495]},"J8o":{"weight":1.0,"played":[1.0,0.0,0.0],"evs":[0.0,-0.03083,-0.4668]},"Q8o":{"weight":1.0,"played":[1.0,0.0,0.0],"evs":[0.0,-0.03275,-0.45405]},"K8o":{"weight":1.0,"played":[1.0,0.0,0.0],"evs":[0.0,-0.0321,-0.41262]},"A8o":{"weight":1.0,"played":[0.0045,0.9955,0.0],"evs":[0.0,0.00154,-0.22638]},"92s":{"weight":1.0,"played":[1.0,0.0,0.0],"evs":[0.0,-0.0749,-0.62688]},"93s":{"weight":1.0,"played":[1.0,0.0,0.0],"evs":[0.0,-0.06341,-0.59821]},"94s":{"weight":1.0,"played":[1.0,0.0,0.0],"evs":[0.0,-0.05502,-0.58596]},"95s":{"weight":1.0,"played":[1.0,0.0,0.0],"evs":[0.0,-0.03424,-0.51047]},"96s":{"weight":1.0,"played":[1.0,0.0,0.0],"evs":[0.0,-0.01967,-0.46363]},"97s":{"weight":1.0,"played":[1.0,0.0,0.0],"evs":[0.0,-0.01016,-0.41128]},"98s":{"weight":1.0,"played":[0.8838,0.1162,0.0],"evs":[0.0,-2.8E-4,-0.35723]},"99":{"weight":1.0,"played":[0.0,1.0,0.0],"evs":[0.0,0.29625,0.23869]},"T9o":{"weight":1.0,"played":[1.0,0.0,0.0],"evs":[0.0,-0.01977,-0.40695]},"J9o":{"weight":1.0,"played":[1.0,0.0,0.0],"evs":[0.0,-0.01925,-0.40552]},"Q9o":{"weight":1.0,"played":[1.0,0.0,0.0],"evs":[0.0,-0.01808,-0.39731]},"K9o":{"weight":1.0,"played":[1.0,0.0,0.0],"evs":[0.0,-0.01761,-0.35392]},"A9o":{"weight":1.0,"played":[0.0,1.0,0.0],"evs":[0.0,0.01851,-0.18019]},"T2s":{"weight":1.0,"played":[1.0,0.0,0.0],"evs":[0.0,-0.06434,-0.59463]},"T3s":{"weight":1.0,"played":[1.0,0.0,0.0],