{"player":1,"street":0,"children":3,"sequence":[{"player":0,"type":"R","amount":200000,"street":0}],"actions":[{"type":"F","amount":0,"node":99},{"type":"R","amount":500000,"node":2},{"type":"R","amount":3087500,"node":68}],"hands":{"22":{"weight":1.0,"played":[1.0,0.0,0.0],"evs":[0.0,-0.08527,-0.28893]},"32o":{"weight":1.0,"played":[1.0,0.0,0.0],"evs":[0.0,-0.11039,-0.76119]},"42o":{"weight":1.0,"played":[1.0,0.0,0.0],"evs":[0.0,-0.10885,-0.73475]},"52o":{"weight":1.0,"played":[1.0,0.0,0.0],"evs":[0.0,-0.10505,-0.70716]},"62o":{"weight":1.0,"played":[1.0,0.0,0.0],"evs":[0.0,-0.10676,-0.76746]},"72o":{"weight":1.0,"played":[1.0,0.0,0.0],"evs":[0.0,-0.11047,-0.85116]},"82o":{"weight":1.0,"played":[1.0,0.0,0.0],"evs":[0.0,-0.10706,-0.84094]},"92o":{"weight":1.0,"played":[1.0,0.0,0.0],"evs":[0.0,-0.10758,-0.86653]},"T2o":{"weight":1.0,"played":[1.0,0.0,0.0],"evs":[0.0,-0.10454,-0.78569]},"J2o":{"weight":1.0,"played":[1.0,0.0,0.0],"evs":[0.0,-0.10025,-0.74117]},"Q2o":{"weight":1.0,"played":[1.0,0.0,0.0],"evs":[0.0,-0.05926,-0.64544]},"K2o":{"weight":1.0,"played":[1.0,0.0,0.0],"evs":[0.0,-0.01986,-0.50916]},"A2o":{"weight":1.0,"played":[1.0,0.0,0.0],"evs":[0.0,-0.01095,-0.35892]},"32s":{"weight":1.0,"played":[1.0,0.0,0.0],"evs":[0.0,-0.10186,-0.55946]},"33":{"weight":1.0,"played":[1.0,0.0,0.0],"evs":[0.0,-0.09004,-0.26155]},"43o":{"weight":1.0,"played":[1.0,0.0,0.0],"evs":[0.0,-0.10836,-0.65331]},"53o":{"weight":1.0,"played":[1.0,0.0,0.0],"evs":[0.0,-0.10445,-0.6253]},"63o":{"weight":1.0,"played":[1.0,0.0,0.0],"evs":[0.0,-0.10721,-0.68663]},"73o":{"weight":1.0,"played":[1.0,0.0,0.0],"evs":[0.0,-0.1137,-0.76903]},"83o":{"weight":1.0,"played":[1.0,0.0,0.0],"evs":[0.0,-0.11008,-0.84327]},"93o":{"weight":1.0,"played":[1.0,0.0,0.0],"evs":[0.0,-0.11114,-0.84785]},"T3o":{"weight":1.0,"played":[1.0,0.0,0.0],"evs":[0.0,-0.10775,-0.76656]},"J3o":{"weight":1.0,"played":[1.0,0.0,0.0],"evs":[0.0,-0.10369,-0.72324]},"Q3o":{"weight":1.0,"played":[1.0,0.0,0.0],"evs":[0.0,-0.06283,-0.62652]},"K3o":{"weight":1.0,"played":[1.0,0.0,0.0],"evs":[0.0,-0.02342,-0.49129]},"A3o":{"weight":1.0,"played":[1.0,0.0,0.0],"evs":[0.0,-0.01411,-0.341]},"42s":{"weight":1.0,"played":[1.0,0.0,0.0],"evs":[0.0,-0.10027,-0.53604]},"43s":{"weight":1.0,"played":[1.0,0.0,0.0],"evs":[0.0,-0.10016,-0.45824]},"44":{"weight":1.0,"played":[1.0,0.0,0.0],"evs":[0.0,-0.08697,-0.22135]},"54o":{"weight":1.0,"played":[1.0,0.0,0.0],"evs":[0.0,-0.1,-0.53808]},"64o":{"weight":1.0,"played":[1.0,0.0,0.0],"evs":[0.0,-0.10264,-0.59989]},"74o":{"weight":1.0,"played":[1.0,0.0,0.0],"evs":[0.0,-0.11007,-0.68091]},"84o":{"weight":1.0,"played":[1.0,0.0,0.0],"evs":[0.0,-0.10889,-0.75495]},"94o":{"weight":1.0,"played":[1.0,0.0,0.0],"evs":[0.0,-0.11018,-0.84394]},"T4o":{"weight":1.0,"played":[1.0,0.0,0.0],"evs":[0.0,-0.10658,-0.74154]},"J4o":{"weight":1.0,"played":[1.0,0.0,0.0],"evs":[0.0,-0.10316,-0.69892]},"Q4o":{"weight":1.0,"played":[1.0,0.0,0.0],"evs":[0.0,-0.06196,-0.60254]},"K4o":{"weight":1.0,"played":[1.0,0.0,0.0],"evs":[0.0,-0.02226,-0.46638]},"A4o":{"weight":1.0,"played":[1.0,0.0,0.0],"evs":[0.0,-0.01206,-0.31537]},"52s":{"weight":1.0,"played":[1.0,0.0,0.0],"evs":[0.0,-0.09699,-0.50953]},"53s":{"weight":1.0,"played":[1.0,0.0,0.0],"evs":[0.0,-0.09617,-0.43379]},"54s":{"weight":1.0,"played":[1.0,0.0,0.0],"evs":[0.0,-0.09259,-0.35218]},"55":{"weight":1.0,"played":[1.0,0.0,0.0],"evs":[0.0,-0.08098,-0.17554]},"65o":{"weight":1.0,"played":[1.0,0.0,0.0],"evs":[0.0,-0.09652,-0.51307]},"75o":{"weight":1.0,"played":[1.0,0.0,0.0],"evs":[0.0,-0.10372,-0.59185]},"85o":{"weight":1.0,"played":[1.0,0.0,0.0],"evs":[0.0,-0.10388,-0.6661]},"95o":{"weight":1.0,"played":[1.0,0.0,0.0],"evs":[0.0,-0.10768,-0.75318]},"T5o":{"weight":1.0,"played":[1.0,0.0,0.0],"evs":[0.0,-0.10384,-0.73425]},"J5o":{"weight":1.0,"played":[1.0,0.0,0.0],"evs":[0.0,-0.10068,-0.67345]},"Q5o":{"weight":1.0,"played":[1.0,0.0,0.0],"evs":[0.0,-0.05952,-0.57814]},"K5o":{"weight":1.0,"played":[1.0,0.0,0.0],"evs":[0.0,-0.01976,-0.44231]},"A5o":{"weight":1.0,"played":[1.0,0.0,0.0],"evs":[0.0,-0.00923,-0.29084]},"62s":{"weight":1.0,"played":[1.0,0.0,0.0],"evs":[0.0,-0.09934,-0.56731]},"63s":{"weight":1.0,"played":[1.0,0.0,0.0],"evs":[0.0,-0.09912,-0.48993]},"64s":{"weight":1.0,"played":[1.0,0.0,0.0],"evs":[0.0,-0.09468,-0.40858]},"65s":{"weight":1.0,"played":[1.0,0.0,0.0],"evs":[0.0,-0.08943,-0.32769]},"66":{"weight":1.0,"played":[1.0,0.0,0.0],"evs":[0.0,-0.08121,-0.14364]},"76o":{"weight":1.0,"played":[1.0,0.0,0.0],"evs":[0.0,-0.10065,-0.52562]},"86o":{"weight":1.0,"played":[1.0,0.0,0.0],"evs":[0.0,-0.10078,-0.59665]},"96o":{"weight":1.0,"played":[1.0,0.0,0.0],"evs":[0.0,-0.10533,-0.68277]},"T6o":{"weight":1.0,"played":[1.0,0.0,0.0],"evs":[0.0,-0.10384,-0.6619]},"J6o":{"weight":1.0,"played":[1.0,0.0,0.0],"evs":[0.0,-0.1002,-0.67855]},"Q6o":{"weight":1.0,"played":[1.0,0.0,0.0],"evs":[0.0,-0.05884,-0.56544]},"K6o":{"weight":1.0,"played":[1.0,0.0,0.0],"evs":[0.0,-0.01919,-0.42863]},"A6o":{"weight":1.0,"played":[1.0,0.0,0.0],"evs":[0.0,-0.01176,-0.35938]},"72s":{"weight":1.0,"played":[1.0,0.0,0.0],"evs":[0.0,-0.10668,-0.6459]},"73s":{"weight":1.0,"played":[1.0,0.0,0.0],"evs":[0.0,-0.10604,-0.56823]},"74s":{"weight":1.0,"played":[1.0,0.0,0.0],"evs":[0.0,-0.10129,-0.48576]},"75s":{"weight":1.0,"played":[1.0,0.0,0.0],"evs":[0.0,-0.09593,-0.40308]},"76s":{"weight":1.0,"played":[1.0,0.0,0.0],"evs":[0.0,-0.09338,-0.33994]},"77":{"weight":1.0,"played":[1.0,0.0,0.0],"evs":[0.0,-0.08811,-0.14247]},"87o":{"weight":1.0,"played":[1.0,0.0,0.0],"evs":[0.0,-0.10247,-0.55855]},"97o":{"weight":1.0,"played":[1.0,0.0,0.0],"evs":[0.0,-0.10727,-0.64358]},"T7o":{"weight":1.0,"played":[1.0,0.0,0.0],"evs":[0.0,-0.10733,-0.61967]},"J7o":{"weight":1.0,"played":[1.0,0.0,0.0],"evs":[0.0,-0.10422,-0.63411]},"Q7o":{"weight":1.0,"played":[1.0,0.0,0.0],"evs":[0.0,-0.06279,-0.59339]},"K7o":{"weight":1.0,"played":[1.0,0.0,0.0],"evs":[0.0,-0.0232,-0.44043]},"A7o":{"weight":1.0,"played":[1.0,0.0,0.0],"evs":[0.0,-0.01539,-0.35385]},"82s":{"weight":1.0,"played":[1.0,0.0,0.0],"evs":[0.0,-0.10286,-0.63481]},"83s":{"weight":1.0,"played":[1.0,0.0,0.0],"evs":[0.0,-0.10555,-0.63596]},"84s":{"weight":1.0,"played":[1.0,0.0,0.0],"evs":[0.0,-0.10129,-0.55313]},"85s":{"weight":1.0,"played":[1.0,0.0,0.0],"evs":[0.0,-0.0953,-0.46989]},"86s":{"weight":1.0,"played":[1.0,0.0,0.0],"evs":[0.0,-0.09229,-0.40531]},"87s":{"weight":1.0,"played":[1.0,0.0,0.0],"evs":[0.0,-0.09528,-0.36935]},"88":{"weight":1.0,"played":[1.0,0.0,0.0],"evs":[0.0,-0.08394,-0.12982]},"98o":{"weight":1.0,"played":[1.0,0.0,0.0],"evs":[0.0,-0.10274,-0.62773]},"T8o":{"weight":1.0,"played":[1.0,0.0,0.0],"evs":[0.0,-0.1019,-0.5744]},"J8o":{"weight":1.0,"played":[1.0,0.0,0.0],"evs":[0.0,-0.10036,-0.58664]},"Q8o":{"weight":1.0,"played":[1.0,0.0,0.0],"evs":[0.0,-0.05788,-0.54564]},"K8o":{"weight":1.0,"played":[1.0,0.0,0.0],"evs":[0.0,-0.01906,-0.45417]},"A8o":{"weight":1.0,"played":[1.0,0.0,0.0],"evs":[0.0,-0.0104,-0.36167]},"92s":{"weight":1.0,"played":[1.0,0.0,0.0],"evs":[0.0,-0.10464,-0.65846]},"93s":{"weight":1.0,"played":[1.0,0.0,0.0],"evs":[0.0,-0.10649,-0.64029]},"94s":{"weight":1.0,"played":[1.0,0.0,0.0],"evs":[0.0,-0.1054,-0.6359]},"95s":{"weight":1.0,"played":[1.0,0.0,0.0],"evs":[0.0,-0.09975,-0.55221]},"96s":{"weight":1.0,"played":[1.0,0.0,0.0],"evs":[0.0,-0.09709,-0.48615]},"97s":{"weight":1.0,"played":[1.0,0.0,0.0],"evs":[0.0,-0.09957,-0.44913]},"98s":{"weight":1.0,"played":[1.0,0.0,0.0],"evs":[0.0,-0.09471,-0.43376]},"99":{"weight":1.0,"played":[0.9998,2.0E-4,0.0],"evs":[0.0,-0.03468,-0.14319]},"T9o":{"weight":1.0,"played":[1.0,0.0,0.0],"evs":[0.0,-0.10201,-0.55251]},"J9o":{"weight":1.0,"played":[1.0,0.0,0.0],"evs":[0.0,-0.10123,-0.5641]},"Q9o":{"weight":1.0,"played":[1.0,0.0,0.0],"evs":[0.0,-0.05749,-0.51975]},"K9o":{"weight":1.0,"played":[1.0,0.0,0.0],"evs":[0.0,-0.01961,-0.44684]},"A9o":{"weight":1.0,"played":[1.0,0.0,0.0],"evs":[0.0,-0.00767,-0.38395]},"T2s":{"weight":1.0,"played":[1.0,0.0,0.0],"evs":[0.0,-0.10195,-0.58107]},