{"player":1,"street":0,"children":3,"sequence":[{"player":0,"type":"F","amount":0,"street":0}],"actions":[{"type":"F","amount":0},{"type":"C","amount":50000,"node":12},{"type":"R","amount":1387500,"node":14}],"hands":{"22":{"weight":1.0,"played":[0.0,0.0,1.0],"evs":[0.0,0.20086,0.32175]},"32o":{"weight":1.0,"played":[1.0,0.0,0.0],"evs":[0.0,-0.01258,-0.03112]},"42o":{"weight":1.0,"played":[1.0,0.0,0.0],"evs":[0.0,-0.00444,-0.02154]},"52o":{"weight":1.0,"played":[0.0578,0.9422,0.0],"evs":[0.0,5.0E-5,-0.00205]},"62o":{"weight":1.0,"played":[1.0,0.0,0.0],"evs":[0.0,-0.00544,-0.02241]},"72o":{"weight":1.0,"played":[1.0,0.0,0.0],"evs":[0.0,-0.01731,-0.03828]},"82o":{"weight":1.0,"played":[0.9999,1.0E-4,0.0],"evs":[0.0,-0.00269,-0.01685]},"92o":{"weight":1.0,"played":[0.9927,0.0073,0.0],"evs":[0.0,-2.4E-4,-0.00709]},"T2o":{"weight":1.0,"played":[0.0,0.808,0.192],"evs":[0.0,0.01,0.00999]},"J2o":{"weight":1.0,"played":[0.0,0.8783,0.1217],"evs":[0.0,0.02518,0.02518]},"Q2o":{"weight":1.0,"played":[0.0,0.782,0.218],"evs":[0.0,0.0413,0.04134]},"K2o":{"weight":1.0,"played":[0.0,0.1533,0.8467],"evs":[0.0,0.07947,0.07954]},"A2o":{"weight":1.0,"played":[0.0,0.0,1.0],"evs":[0.0,0.22002,0.27215]},"32s":{"weight":1.0,"played":[0.0,0.3025,0.6975],"evs":[0.0,0.05605,0.05679]},"33":{"weight":1.0,"played":[0.0,0.0,1.0],"evs":[0.0,0.28122,0.34313]},"43o":{"weight":1.0,"played":[0.0,0.8297,0.1703],"evs":[0.0,0.01009,0.00976]},"53o":{"weight":1.0,"played":[0.0,0.2011,0.7989],"evs":[0.0,0.0291,0.02945]},"63o":{"weight":1.0,"played":[0.0,0.8207,0.1793],"evs":[0.0,0.01002,0.00996]},"73o":{"weight":1.0,"played":[0.5042,0.4958,0.0],"evs":[0.0,-6.0E-5,-0.00529]},"83o":{"weight":1.0,"played":[1.0,0.0,0.0],"evs":[0.0,-0.0015,-0.0156]},"93o":{"weight":1.0,"played":[0.0183,0.6905,0.2912],"evs":[0.0,0.00134,0.00153]},"T3o":{"weight":1.0,"played":[0.0,0.294,0.706],"evs":[0.0,0.01729,0.01765]},"J3o":{"weight":1.0,"played":[0.0,0.3104,0.6896],"evs":[0.0,0.03276,0.03281]},"Q3o":{"weight":1.0,"played":[0.0,0.4821,0.5179],"evs":[0.0,0.04863,0.04882]},"K3o":{"weight":1.0,"played":[0.0,0.2732,0.7268],"evs":[0.0,0.08546,0.08599]},"A3o":{"weight":1.0,"played":[0.0,0.0,1.0],"evs":[0.0,0.23015,0.28087]},"42s":{"weight":1.0,"played":[0.0,0.0189,0.9811],"evs":[0.0,0.06369,0.06579]},"43s":{"weight":1.0,"played":[0.0,0.0,1.0],"evs":[0.0,0.08059,0.09491]},"44":{"weight":1.0,"played":[0.0,0.0,1.0],"evs":[0.0,0.34448,0.36114]},"54o":{"weight":1.0,"played":[0.0,7.0E-4,0.9993],"evs":[0.0,0.06023,0.06287]},"64o":{"weight":1.0,"played":[0.0,0.1863,0.8137],"evs":[0.0,0.04245,0.04275]},"74o":{"weight":1.0,"played":[0.0,0.4461,0.5539],"evs":[0.0,0.02712,0.02749]},"84o":{"weight":1.0,"played":[0.0,0.7212,0.2788],"evs":[0.0,0.01653,0.01655]},"94o":{"weight":1.0,"played":[0.0,0.9999,0.0],"evs":[0.0,0.00404,0.00276]},"T4o":{"weight":1.0,"played":[0.0,0.1564,0.8436],"evs":[0.0,0.02404,0.02439]},"J4o":{"weight":1.0,"played":[0.0,0.2592,0.7408],"evs":[0.0,0.04102,0.04109]},"Q4o":{"weight":1.0,"played":[0.0,0.2978,0.7022],"evs":[0.0,0.05666,0.05657]},"K4o":{"weight":1.0,"played":[0.0,0.383,0.617],"evs":[0.0,0.09264,0.09286]},"A4o":{"weight":1.0,"played":[0.0,0.0,1.0],"evs":[0.0,0.24017,0.28713]},"52s":{"weight":1.0,"played":[0.0,0.0,1.0],"evs":[0.0,0.07161,0.08304]},"53s":{"weight":1.0,"played":[0.0,0.0,1.0],"evs":[0.0,0.09992,0.11378]},"54s":{"weight":1.0,"played":[0.0,0.0,1.0],"evs":[0.0,0.12683,0.1412]},"55":{"weight":1.0,"played":[0.0,0.0054,0.9946],"evs":[0.0,0.4044,0.40511]},"65o":{"weight":1.0,"played":[0.0,0.007,0.993],"evs":[0.0,0.07982,0.08141]},"75o":{"weight":1.0,"played":[0.0,0.118,0.882],"evs":[0.0,0.06605,0.06692]},"85o":{"weight":1.0,"played":[0.0,0.2315,0.7685],"evs":[0.0,0.05481,0.0553]},"95o":{"weight":1.0,"played":[0.0,0.3263,0.6737],"evs":[0.0,0.0394,0.03969]},"T5o":{"weight":1.0,"played":[0.0,0.798,0.202],"evs":[0.0,0.03306,0.03241]},"J5o":{"weight":1.0,"played":[0.0,0.1348,0.8652],"evs":[0.0,0.05344,0.05406]},"Q5o":{"weight":1.0,"played":[0.0,0.2384,0.7616],"evs":[0.0,0.07024,0.07098]},"K5o":{"weight":1.0,"played":[0.0,0.0979,0.9021],"evs":[0.0,0.10606,0.10623]},"A5o":{"weight":1.0,"played":[0.0,0.0,1.0],"evs":[0.0,0.26493,0.30721]},"62s":{"weight":1.0,"played":[0.0,0.1998,0.8002],"evs":[0.0,0.06371,0.06382]},"63s":{"weight":1.0,"played":[0.0,2.0E-4,0.9998],"evs":[0.0,0.08155,0.09472]},"64s":{"weight":1.0,"played":[0.0,0.0,1.0],"evs":[0.0,0.11246,0.12478]},"65s":{"weight":1.0,"played":[0.0,0.0,1.0],"evs":[0.0,0.14676,0.16081]},"66":{"weight":1.0,"played":[0.0,0.0239,0.9761],"evs":[0.0,0.45901,0.46099]},"76o":{"weight":1.0,"played":[0.0,0.0087,0.9913],"evs":[0.0,0.10164,0.10215]},"86o":{"weight":1.0,"played":[0.0,0.1109,0.8891],"evs":[0.0,0.09125,0.09168]},"96o":{"weight":1.0,"played":[0.0,0.1296,0.8704],"evs":[0.0,0.07792,0.07828]},"T6o":{"weight":1.0,"played":[0.0,0.2507,0.7493],"evs":[0.0,0.0696,0.0698]},"J6o":{"weight":1.0,"played":[0.0,0.7682,0.2318],"evs":[0.0,0.06027,0.0604]},"Q6o":{"weight":1.0,"played":[0.0,0.1533,0.8467],"evs":[0.0,0.08221,0.08257]},"K6o":{"weight":1.0,"played":[0.0,0.1507,0.8493],"evs":[0.0,0.11858,0.1189]},"A6o":{"weight":1.0,"played":[0.0,0.0,1.0],"evs":[0.0,0.25256,0.31035]},"72s":{"weight":1.0,"played":[0.0,0.9963,0.0037],"evs":[0.0,0.05252,0.05146]},"73s":{"weight":1.0,"played":[0.0,1.0E-4,0.9999],"evs":[0.0,0.07155,0.07921]},"74s":{"weight":1.0,"played":[0.0,0.0,1.0],"evs":[0.0,0.09835,0.11059]},"75s":{"weight":1.0,"played":[0.0,0.0,1.0],"evs":[0.0,0.13419,0.14625]},"76s":{"weight":1.0,"played":[0.0,0.0,1.0],"evs":[0.0,0.16848,0.17926]},"77":{"weight":1.0,"played":[0.0,0.1521,0.8479],"evs":[0.0,0.51578,0.51635]},"87o":{"weight":1.0,"played":[0.0,0.0,1.0],"evs":[0.0,0.123,0.12426]},"97o":{"weight":1.0,"played":[0.0,0.0744,0.9256],"evs":[0.0,0.1109,0.11117]},"T7o":{"weight":1.0,"played":[0.0,0.129,0.871],"evs":[0.0,0.1047,0.10537]},"J7o":{"weight":1.0,"played":[0.0,0.2098,0.7902],"evs":[0.0,0.09554,0.09576]},"Q7o":{"weight":1.0,"played":[0.0,0.811,0.189],"evs":[0.0,0.0869,0.08657]},"K7o":{"weight":1.0,"played":[0.0,0.2961,0.7039],"evs":[0.0,0.12804,0.12824]},"A7o":{"weight":1.0,"played":[0.0,0.0,1.0],"evs":[0.0,0.29498,0.35274]},"82s":{"weight":1.0,"played":[0.0,0.0317,0.9683],"evs":[0.0,0.06834,0.07032]},"83s":{"weight":1.0,"played":[0.0,0.2413,0.7587],"evs":[0.0,0.07025,0.07049]},"84s":{"weight":1.0,"played":[0.0,0.0,1.0],"evs":[0.0,0.09028,0.10115]},"85s":{"weight":1.0,"played":[0.0,0.0,1.0],"evs":[0.0,0.12629,0.13759]},"86s":{"weight":1.0,"played":[0.0,0.0,1.0],"evs":[0.0,0.16078,0.17112]},"87s":{"weight":1.0,"played":[0.0,0.0,1.0],"evs":[0.0,0.1892,0.20032]},"88":{"weight":1.0,"played":[0.0,0.1495,0.8505],"evs":[0.0,0.57634,0.57684]},"98o":{"weight":1.0,"played":[0.0,0.0043,0.9957],"evs":[0.0,0.14393,0.14514]},"T8o":{"weight":1.0,"played":[0.0,0.1274,0.8726],"evs":[0.0,0.1394,0.13972]},"J8o":{"weight":1.0,"played":[0.0,0.2271,0.7729],"evs":[0.0,0.12979,0.13007]},"Q8o":{"weight":1.0,"played":[0.0,0.6264,0.3736],"evs":[0.0,0.12191,0.12198]},"K8o":{"weight":1.0,"played":[0.0,0.6335,0.3665],"evs":[0.0,0.13902,0.13895]},"A8o":{"weight":1.0,"played":[0.0,0.0,1.0],"evs":[0.0,0.33931,0.40126]},"92s":{"weight":1.0,"played":[0.0,0.0081,0.9919],"evs":[0.0,0.0732,0.0784]},"93s":{"weight":1.0,"played":[0.0,0.0,1.0],"evs":[0.0,0.07689,0.08591]},"94s":{"weight":1.0,"played":[0.0,0.0,1.0],"evs":[0.0,0.08011,0.08763]},"95s":{"weight":1.0,"played":[0.0,0.0,1.0],"evs":[0.0,0.11369,0.1219]},"96s":{"weight":1.0,"played":[0.0,0.0,1.0],"evs":[0.0,0.14903,0.15712]},"97s":{"weight":1.0,"played":[0.0,0.0,1.0],"evs":[0.0,0.17954,0.18987]},"98s":{"weight":1.0,"played":[0.0,0.0,1.0],"evs":[0.0,0.20894,0.22012]},"99":{"weight":1.0,"played":[0.0,0.3823,0.6177],"evs":[0.0,0.63836,0.63826]},"T9o":{"weight":1.0,"played":[0.0,0.081,0.919],"evs":[0.0,0.17351,0.17393]},"J9o":{"weight":1.0,"played":[0.0,0.2668,0.7332],"evs":[0.0,0.1629,0.16316]},"Q9o":{"weight":1.0,"played":[0.0,0.5534,0.4466],"evs":[0.0,0.15542,0.15537]},"K9o":{"weight":1.0,"played":[0.0,0.3217,0.6783],