{"player":1,"street":0,"children":2,"sequence":[{"player":0,"type":"F","amount":0,"street":0},{"player":1,"type":"C","amount":50000,"street":0},{"player":2,"type":"R","amount":1387500,"street":0}],"actions":[{"type":"F","amount":0},{"type":"C","amount":1287500}],"hands":{"22":{"weight":0.0,"played":[0.0,1.0],"evs":[0.0,0.50809]},"32o":{"weight":0.0,"played":[1.0,0.0],"evs":[0.0,-1.91646]},"42o":{"weight":0.0,"played":[1.0,0.0],"evs":[0.0,-1.77313]},"52o":{"weight":0.9422,"played":[1.0,0.0],"evs":[0.0,-1.7186]},"62o":{"weight":0.0,"played":[1.0,0.0],"evs":[0.0,-1.78788]},"72o":{"weight":0.0,"played":[1.0,0.0],"evs":[0.0,-1.82597]},"82o":{"weight":1.0E-4,"played":[1.0,0.0],"evs":[0.0,-1.71082]},"92o":{"weight":0.0073,"played":[1.0,0.0],"evs":[0.0,-1.64066]},"T2o":{"weight":0.808,"played":[1.0,0.0],"evs":[0.0,-1.58]},"J2o":{"weight":0.8783,"played":[1.0,0.0],"evs":[0.0,-1.48676]},"Q2o":{"weight":0.782,"played":[1.0,0.0],"evs":[0.0,-1.2636]},"K2o":{"weight":0.1533,"played":[1.0,0.0],"evs":[0.0,-0.89334]},"A2o":{"weight":0.0,"played":[1.0,0.0],"evs":[0.0,-0.04808]},"32s":{"weight":0.3025,"played":[1.0,0.0],"evs":[0.0,-1.51831]},"33":{"weight":0.0,"played":[0.0,1.0],"evs":[0.0,0.95458]},"43o":{"weight":0.8297,"played":[1.0,0.0],"evs":[0.0,-1.35422]},"53o":{"weight":0.2011,"played":[1.0,0.0],"evs":[0.0,-1.30057]},"63o":{"weight":0.8207,"played":[1.0,0.0],"evs":[0.0,-1.38549]},"73o":{"weight":0.4958,"played":[1.0,0.0],"evs":[0.0,-1.40993]},"83o":{"weight":0.0,"played":[1.0,0.0],"evs":[0.0,-1.464]},"93o":{"weight":0.6905,"played":[1.0,0.0],"evs":[0.0,-1.38323]},"T3o":{"weight":0.294,"played":[1.0,0.0],"evs":[0.0,-1.34264]},"J3o":{"weight":0.3104,"played":[1.0,0.0],"evs":[0.0,-1.27715]},"Q3o":{"weight":0.4821,"played":[1.0,0.0],"evs":[0.0,-1.12031]},"K3o":{"weight":0.2732,"played":[1.0,0.0],"evs":[0.0,-0.83887]},"A3o":{"weight":0.0,"played":[1.0,0.0],"evs":[0.0,-0.04981]},"42s":{"weight":0.0189,"played":[1.0,0.0],"evs":[0.0,-1.37081]},"43s":{"weight":0.0,"played":[1.0,0.0],"evs":[0.0,-0.97925]},"44":{"weight":0.0,"played":[0.0,1.0],"evs":[0.0,1.16824]},"54o":{"weight":7.0E-4,"played":[1.0,0.0],"evs":[0.0,-1.04584]},"64o":{"weight":0.1863,"played":[1.0,0.0],"evs":[0.0,-1.1318]},"74o":{"weight":0.4461,"played":[1.0,0.0],"evs":[0.0,-1.16574]},"84o":{"weight":0.7212,"played":[1.0,0.0],"evs":[0.0,-1.2085]},"94o":{"weight":0.9999,"played":[1.0,0.0],"evs":[0.0,-1.27663]},"T4o":{"weight":0.1564,"played":[1.0,0.0],"evs":[0.0,-1.20163]},"J4o":{"weight":0.2592,"played":[1.0,0.0],"evs":[0.0,-1.14671]},"Q4o":{"weight":0.2978,"played":[1.0,0.0],"evs":[0.0,-0.99823]},"K4o":{"weight":0.383,"played":[1.0,0.0],"evs":[0.0,-0.74835]},"A4o":{"weight":0.0,"played":[0.9731,0.0269],"evs":[0.0,-0.01913]},"52s":{"weight":0.0,"played":[1.0,0.0],"evs":[0.0,-1.32606]},"53s":{"weight":0.0,"played":[1.0,0.0],"evs":[0.0,-0.94105]},"54s":{"weight":0.0,"played":[1.0,0.0],"evs":[0.0,-0.69162]},"55":{"weight":0.0054,"played":[0.0,1.0],"evs":[0.0,1.31737]},"65o":{"weight":0.007,"played":[1.0,0.0],"evs":[0.0,-0.988]},"75o":{"weight":0.118,"played":[1.0,0.0],"evs":[0.0,-1.02134]},"85o":{"weight":0.2315,"played":[1.0,0.0],"evs":[0.0,-1.06897]},"95o":{"weight":0.3263,"played":[1.0,0.0],"evs":[0.0,-1.1381]},"T5o":{"weight":0.798,"played":[1.0,0.0],"evs":[0.0,-1.19788]},"J5o":{"weight":0.1348,"played":[1.0,0.0],"evs":[0.0,-1.11233]},"Q5o":{"weight":0.2384,"played":[1.0,0.0],"evs":[0.0,-0.93326]},"K5o":{"weight":0.0979,"played":[1.0,0.0],"evs":[0.0,-0.65012]},"A5o":{"weight":0.0,"played":[2.0E-4,0.9998],"evs":[0.0,0.10323]},"62s":{"weight":0.1998,"played":[1.0,0.0],"evs":[0.0,-1.39798]},"63s":{"weight":2.0E-4,"played":[1.0,0.0],"evs":[0.0,-1.00141]},"64s":{"weight":0.0,"played":[1.0,0.0],"evs":[0.0,-0.77426]},"65s":{"weight":0.0,"played":[1.0,0.0],"evs":[0.0,-0.6327]},"66":{"weight":0.0239,"played":[0.0,1.0],"evs":[0.0,1.47983]},"76o":{"weight":0.0087,"played":[1.0,0.0],"evs":[0.0,-0.86209]},"86o":{"weight":0.1109,"played":[1.0,0.0],"evs":[0.0,-0.91281]},"96o":{"weight":0.1296,"played":[1.0,0.0],"evs":[0.0,-0.97666]},"T6o":{"weight":0.2507,"played":[1.0,0.0],"evs":[0.0,-1.03252]},"J6o":{"weight":0.7682,"played":[1.0,0.0],"evs":[0.0,-1.07555]},"Q6o":{"weight":0.1533,"played":[1.0,0.0],"evs":[0.0,-0.86841]},"K6o":{"weight":0.1507,"played":[1.0,0.0],"evs":[0.0,-0.60888]},"A6o":{"weight":0.0,"played":[7.0E-4,0.9993],"evs":[0.0,0.1154]},"72s":{"weight":0.9963,"played":[1.0,0.0],"evs":[0.0,-1.4139]},"73s":{"weight":1.0E-4,"played":[1.0,0.0],"evs":[0.0,-1.03543]},"74s":{"weight":0.0,"played":[1.0,0.0],"evs":[0.0,-0.81859]},"75s":{"weight":0.0,"played":[1.0,0.0],"evs":[0.0,-0.67177]},"76s":{"weight":0.0,"played":[1.0,0.0],"evs":[0.0,-0.53228]},"77":{"weight":0.1521,"played":[0.0,1.0],"evs":[0.0,1.65803]},"87o":{"weight":0.0,"played":[1.0,0.0],"evs":[0.0,-0.76329]},"97o":{"weight":0.0744,"played":[1.0,0.0],"evs":[0.0,-0.83003]},"T7o":{"weight":0.129,"played":[1.0,0.0],"evs":[0.0,-0.86985]},"J7o":{"weight":0.2098,"played":[1.0,0.0],"evs":[0.0,-0.91605]},"Q7o":{"weight":0.811,"played":[1.0,0.0],"evs":[0.0,-0.83252]},"K7o":{"weight":0.2961,"played":[1.0,0.0],"evs":[0.0,-0.53775]},"A7o":{"weight":0.0,"played":[0.0,1.0],"evs":[0.0,0.39199]},"82s":{"weight":0.0317,"played":[1.0,0.0],"evs":[0.0,-1.31759]},"83s":{"weight":0.2413,"played":[1.0,0.0],"evs":[0.0,-1.08503]},"84s":{"weight":0.0,"played":[1.0,0.0],"evs":[0.0,-0.85137]},"85s":{"weight":0.0,"played":[1.0,0.0],"evs":[0.0,-0.71935]},"86s":{"weight":0.0,"played":[1.0,0.0],"evs":[0.0,-0.56791]},"87s":{"weight":0.0,"played":[1.0,0.0],"evs":[0.0,-0.42595]},"88":{"weight":0.1495,"played":[0.0,1.0],"evs":[0.0,1.81114]},"98o":{"weight":0.0043,"played":[1.0,0.0],"evs":[0.0,-0.68335]},"T8o":{"weight":0.1274,"played":[1.0,0.0],"evs":[0.0,-0.71092]},"J8o":{"weight":0.2271,"played":[1.0,0.0],"evs":[0.0,-0.75821]},"Q8o":{"weight":0.6264,"played":[1.0,0.0],"evs":[0.0,-0.65733]},"K8o":{"weight":0.6335,"played":[1.0,0.0],"evs":[0.0,-0.48077]},"A8o":{"weight":0.0,"played":[0.0,1.0],"evs":[0.0,0.68332]},"92s":{"weight":0.0081,"played":[1.0,0.0],"evs":[0.0,-1.25165]},"93s":{"weight":0.0,"played":[1.0,0.0],"evs":[0.0,-1.00089]},"94s":{"weight":0.0,"played":[1.0,0.0],"evs":[0.0,-0.91018]},"95s":{"weight":0.0,"played":[1.0,0.0],"evs":[0.0,-0.77105]},"96s":{"weight":0.0,"played":[1.0,0.0],"evs":[0.0,-0.62631]},"97s":{"weight":0.0,"played":[1.0,0.0],"evs":[0.0,-0.49475]},"98s":{"weight":0.0,"played":[1.0,0.0],"evs":[0.0,-0.35316]},"99":{"weight":0.3823,"played":[0.0,1.0],"evs":[0.0,1.90519]},"T9o":{"weight":0.081,"played":[1.0,0.0],"evs":[0.0,-0.56548]},"J9o":{"weight":0.2668,"played":[1.0,0.0],"evs":[0.0,-0.61122]},"Q9o":{"weight":0.5534,"played":[1.0,0.0],"evs":[0.0,-0.49233]},"K9o":{"weight":0.3217,"played":[1.0,0.0],"evs":[0.0,-0.32045]},"A9o":{"weight":0.0,"played":[0.0,1.0],"evs":[0.0,0.92073]},"T2s":{"weight":1.0E-4,"played":[1.0,0.0],"evs":[0.0,-1.19268]},"T3s":{"weight":4.0E-4,"played":[1.0,0.0],"evs":[0.0,-0.95937]},"T4s":{"weight":1.0E-4,"played":[1.0,0.0],"evs":[0.0,-0.83943]},"T5s":{"weight":0.0,"played":[1.0,0.0],"evs":[0.0,-0.83465]},"T6s":{"weight":0.0,"played":[1.0,0.0],"evs":[0.0,-0.6808]},"T7s":{"weight":0.0,"played":[1.0,0.0],"evs":[0.0,-0.53366]},"T8s":{"weight":0.0,"played":[1.0,0.0],"evs":[0.0,-0.39084]},"T9s":{"weight":0.0,"played":[1.0,0.0],"evs":[0.0,-0.24075]},"TT":{"weight":0.3768,"played":[0.0,1.0],"evs":[0.0,2.10495]},"JTo":{"weight":0.351,"played":[1.0,0.0],"evs":[0.0,-0.44247]},"QTo":{"weight":0.4021,"played":[1.0,0.0],"evs":[0.0,-0.32319]},"KTo":{"weight":0.0,"played":[0.9998,2.0E-4],"evs":[0.0,-0.13221]},"ATo":{"weight":0.0,"played":[0.0,1.0],"evs":[0.0,1.30306]},"J2s":{"weight":0.0,"played":[1.0,0.0],"evs":[0.0,-1.10734]},"J3s":{"weight":0.0,"played":[1.0,0.0],"evs":[0.0,-0.90701]},"J4s":{"weight":5.0E-4,"played":[1.0,0.0],"evs":[0.0,-0.78283]},"J5s":{"weight":0.0,"played":[1.0,0.0],"evs":[0.0,-0.7558]},"J6s":{"weight":0.0057,"played":[1.0,0.0],"evs":[0.0,-0.73098]},"J7s":{"weight":0.0036,"played":[1.0,0.0],"evs":[0.0,-0.58]},"J8s":{"weight":5.0E-4,