{"player":2,"street":0,"children":3,"sequence":[{"player":0,"type":"F","amount":0,"street":0},{"player":1,"type":"R","amount":200000,"street":0}],"actions":[{"type":"F","amount":0,"node":317},{"type":"R","amount":500000,"node":251},{"type":"R","amount":2287500,"node":296}],"hands":{"22":{"weight":1.0,"played":[1.0,0.0,0.0],"evs":[0.0,-0.07805,-0.08696]},"32o":{"weight":1.0,"played":[1.0,0.0,0.0],"evs":[0.0,-0.12377,-0.55708]},"42o":{"weight":1.0,"played":[1.0,0.0,0.0],"evs":[0.0,-0.12493,-0.54107]},"52o":{"weight":1.0,"played":[1.0,0.0,0.0],"evs":[0.0,-0.12868,-0.53154]},"62o":{"weight":1.0,"played":[1.0,0.0,0.0],"evs":[0.0,-0.13228,-0.58794]},"72o":{"weight":1.0,"played":[1.0,0.0,0.0],"evs":[0.0,-0.14363,-0.67626]},"82o":{"weight":1.0,"played":[1.0,0.0,0.0],"evs":[0.0,-0.14197,-0.65921]},"92o":{"weight":1.0,"played":[1.0,0.0,0.0],"evs":[0.0,-0.14178,-0.66639]},"T2o":{"weight":1.0,"played":[1.0,0.0,0.0],"evs":[0.0,-0.15808,-0.69481]},"J2o":{"weight":1.0,"played":[1.0,0.0,0.0],"evs":[0.0,-0.12914,-0.64291]},"Q2o":{"weight":1.0,"played":[1.0,0.0,0.0],"evs":[0.0,-0.12395,-0.4867]},"K2o":{"weight":1.0,"played":[1.0,0.0,0.0],"evs":[0.0,-0.02233,-0.3153]},"A2o":{"weight":1.0,"played":[1.0,0.0,0.0],"evs":[0.0,-0.00716,-0.18463]},"32s":{"weight":1.0,"played":[1.0,0.0,0.0],"evs":[0.0,-0.10261,-0.36765]},"33":{"weight":1.0,"played":[1.0,0.0,0.0],"evs":[0.0,-0.07288,-0.05997]},"43o":{"weight":1.0,"played":[1.0,0.0,0.0],"evs":[0.0,-0.11511,-0.46388]},"53o":{"weight":1.0,"played":[1.0,0.0,0.0],"evs":[0.0,-0.118,-0.4531]},"63o":{"weight":1.0,"played":[1.0,0.0,0.0],"evs":[0.0,-0.12382,-0.51006]},"73o":{"weight":1.0,"played":[1.0,0.0,0.0],"evs":[0.0,-0.13849,-0.59644]},"83o":{"weight":1.0,"played":[1.0,0.0,0.0],"evs":[0.0,-0.14127,-0.65664]},"93o":{"weight":1.0,"played":[1.0,0.0,0.0],"evs":[0.0,-0.13999,-0.64463]},"T3o":{"weight":1.0,"played":[1.0,0.0,0.0],"evs":[0.0,-0.15627,-0.67512]},"J3o":{"weight":1.0,"played":[1.0,0.0,0.0],"evs":[0.0,-0.12723,-0.62325]},"Q3o":{"weight":1.0,"played":[1.0,0.0,0.0],"evs":[0.0,-0.1218,-0.46699]},"K3o":{"weight":1.0,"played":[1.0,0.0,0.0],"evs":[0.0,-0.01946,-0.29521]},"A3o":{"weight":1.0,"played":[0.9998,2.0E-4,0.0],"evs":[0.0,-0.0016,-0.16529]},"42s":{"weight":1.0,"played":[1.0,0.0,0.0],"evs":[0.0,-0.10352,-0.35469]},"43s":{"weight":1.0,"played":[1.0,0.0,0.0],"evs":[0.0,-0.09328,-0.28205]},"44":{"weight":1.0,"played":[1.0,0.0,0.0],"evs":[0.0,-0.07503,-0.04017]},"54o":{"weight":1.0,"played":[1.0,0.0,0.0],"evs":[0.0,-0.11084,-0.38067]},"64o":{"weight":1.0,"played":[1.0,0.0,0.0],"evs":[0.0,-0.11611,-0.43694]},"74o":{"weight":1.0,"played":[1.0,0.0,0.0],"evs":[0.0,-0.13364,-0.52208]},"84o":{"weight":1.0,"played":[1.0,0.0,0.0],"evs":[0.0,-0.1393,-0.58348]},"94o":{"weight":1.0,"played":[1.0,0.0,0.0],"evs":[0.0,-0.1424,-0.64822]},"T4o":{"weight":1.0,"played":[1.0,0.0,0.0],"evs":[0.0,-0.1579,-0.65885]},"J4o":{"weight":1.0,"played":[1.0,0.0,0.0],"evs":[0.0,-0.12896,-0.60766]},"Q4o":{"weight":1.0,"played":[1.0,0.0,0.0],"evs":[0.0,-0.12392,-0.45425]},"K4o":{"weight":1.0,"played":[1.0,0.0,0.0],"evs":[0.0,-0.02125,-0.28136]},"A4o":{"weight":1.0,"played":[0.9283,0.0717,0.0],"evs":[0.0,-3.8E-4,-0.14875]},"52s":{"weight":1.0,"played":[1.0,0.0,0.0],"evs":[0.0,-0.10617,-0.34457]},"53s":{"weight":1.0,"played":[1.0,0.0,0.0],"evs":[0.0,-0.0962,-0.27202]},"54s":{"weight":1.0,"played":[1.0,0.0,0.0],"evs":[0.0,-0.08865,-0.20309]},"55":{"weight":1.0,"played":[1.0,0.0,0.0],"evs":[0.0,-0.08365,-0.03466]},"65o":{"weight":1.0,"played":[1.0,0.0,0.0],"evs":[0.0,-0.11211,-0.37011]},"75o":{"weight":1.0,"played":[1.0,0.0,0.0],"evs":[0.0,-0.12912,-0.45526]},"85o":{"weight":1.0,"played":[1.0,0.0,0.0],"evs":[0.0,-0.13638,-0.51723]},"95o":{"weight":1.0,"played":[1.0,0.0,0.0],"evs":[0.0,-0.14364,-0.58265]},"T5o":{"weight":1.0,"played":[1.0,0.0,0.0],"evs":[0.0,-0.16414,-0.67004]},"J5o":{"weight":1.0,"played":[1.0,0.0,0.0],"evs":[0.0,-0.13427,-0.59956]},"Q5o":{"weight":1.0,"played":[1.0,0.0,0.0],"evs":[0.0,-0.12959,-0.44625]},"K5o":{"weight":1.0,"played":[1.0,0.0,0.0],"evs":[0.0,-0.02667,-0.27468]},"A5o":{"weight":1.0,"played":[0.9677,0.0323,0.0],"evs":[0.0,-0.00125,-0.13588]},"62s":{"weight":1.0,"played":[1.0,0.0,0.0],"evs":[0.0,-0.11267,-0.39912]},"63s":{"weight":1.0,"played":[1.0,0.0,0.0],"evs":[0.0,-0.10164,-0.32401]},"64s":{"weight":1.0,"played":[1.0,0.0,0.0],"evs":[0.0,-0.09392,-0.25682]},"65s":{"weight":1.0,"played":[1.0,0.0,0.0],"evs":[0.0,-0.09043,-0.1937]},"66":{"weight":1.0,"played":[1.0,0.0,0.0],"evs":[0.0,-0.0749,-0.01206]},"76o":{"weight":1.0,"played":[1.0,0.0,0.0],"evs":[0.0,-0.12125,-0.38898]},"86o":{"weight":1.0,"played":[1.0,0.0,0.0],"evs":[0.0,-0.12736,-0.4507]},"96o":{"weight":1.0,"played":[1.0,0.0,0.0],"evs":[0.0,-0.13556,-0.51398]},"T6o":{"weight":1.0,"played":[1.0,0.0,0.0],"evs":[0.0,-0.15901,-0.60241]},"J6o":{"weight":1.0,"played":[1.0,0.0,0.0],"evs":[0.0,-0.13349,-0.60743]},"Q6o":{"weight":1.0,"played":[1.0,0.0,0.0],"evs":[0.0,-0.12919,-0.43562]},"K6o":{"weight":1.0,"played":[1.0,0.0,0.0],"evs":[0.0,-0.02637,-0.26206]},"A6o":{"weight":1.0,"played":[1.0,0.0,0.0],"evs":[0.0,-0.01332,-0.20599]},"72s":{"weight":1.0,"played":[1.0,0.0,0.0],"evs":[0.0,-0.12816,-0.48012]},"73s":{"weight":1.0,"played":[1.0,0.0,0.0],"evs":[0.0,-0.11858,-0.40538]},"74s":{"weight":1.0,"played":[1.0,0.0,0.0],"evs":[0.0,-0.1114,-0.33701]},"75s":{"weight":1.0,"played":[1.0,0.0,0.0],"evs":[0.0,-0.10679,-0.27296]},"76s":{"weight":1.0,"played":[1.0,0.0,0.0],"evs":[0.0,-0.09998,-0.21202]},"77":{"weight":1.0,"played":[1.0,0.0,0.0],"evs":[0.0,-0.0745,-0.03545]},"87o":{"weight":1.0,"played":[1.0,0.0,0.0],"evs":[0.0,-0.13074,-0.41596]},"97o":{"weight":1.0,"played":[1.0,0.0,0.0],"evs":[0.0,-0.13803,-0.47955]},"T7o":{"weight":1.0,"played":[1.0,0.0,0.0],"evs":[0.0,-0.16257,-0.56384]},"J7o":{"weight":1.0,"played":[1.0,0.0,0.0],"evs":[0.0,-0.1378,-0.57061]},"Q7o":{"weight":1.0,"played":[1.0,0.0,0.0],"evs":[0.0,-0.13696,-0.46981]},"K7o":{"weight":1.0,"played":[1.0,0.0,0.0],"evs":[0.0,-0.03367,-0.28031]},"A7o":{"weight":1.0,"played":[1.0,0.0,0.0],"evs":[0.0,-0.01466,-0.20501]},"82s":{"weight":1.0,"played":[1.0,0.0,0.0],"evs":[0.0,-0.12647,-0.46504]},"83s":{"weight":1.0,"played":[1.0,0.0,0.0],"evs":[0.0,-0.12529,-0.46262]},"84s":{"weight":1.0,"played":[1.0,0.0,0.0],"evs":[0.0,-0.11779,-0.39336]},"85s":{"weight":1.0,"played":[1.0,0.0,0.0],"evs":[0.0,-0.11439,-0.33102]},"86s":{"weight":1.0,"played":[1.0,0.0,0.0],"evs":[0.0,-0.10599,-0.26782]},"87s":{"weight":1.0,"played":[1.0,0.0,0.0],"evs":[0.0,-0.10831,-0.23545]},"88":{"weight":1.0,"played":[1.0,0.0,0.0],"evs":[0.0,-0.03619,-0.02183]},"98o":{"weight":1.0,"played":[1.0,0.0,0.0],"evs":[0.0,-0.13389,-0.45798]},"T8o":{"weight":1.0,"played":[1.0,0.0,0.0],"evs":[0.0,-0.15531,-0.51291]},"J8o":{"weight":1.0,"played":[1.0,0.0,0.0],"evs":[0.0,-0.13349,-0.51714]},"Q8o":{"weight":1.0,"played":[1.0,0.0,0.0],"evs":[0.0,-0.13453,-0.41498]},"K8o":{"weight":1.0,"played":[1.0,0.0,0.0],"evs":[0.0,-0.03388,-0.28688]},"A8o":{"weight":1.0,"played":[1.0,0.0,0.0],"evs":[0.0,-0.01464,-0.2073]},"92s":{"weight":1.0,"played":[1.0,0.0,0.0],"evs":[0.0,-0.12644,-0.47116]},"93s":{"weight":1.0,"played":[1.0,0.0,0.0],"evs":[0.0,-0.12355,-0.4493]},"94s":{"weight":1.0,"played":[1.0,0.0,0.0],"evs":[0.0,-0.12611,-0.45402]},"95s":{"weight":1.0,"played":[1.0,0.0,0.0],"evs":[0.0,-0.12193,-0.39151]},"96s":{"weight":1.0,"played":[1.0,0.0,0.0],"evs":[0.0,-0.11282,-0.32724]},"97s":{"weight":1.0,"played":[1.0,0.0,0.0],"evs":[0.0,-0.11537,-0.29452]},"98s":{"weight":1.0,"played":[1.0,0.0,0.0],"evs":[0.0,-0.11212,-0.27589]},"99":{"weight":1.0,"played":[0.9999,0.0,1.0E-4],"evs":[0.0,-0.00492,-0.00719]},"T9o":{"weight":1.0,"played":[1.0,0.0,0.0],"evs":[0.0,-0.14975,-0.47458]},"J9o":{"weight":1.0,"played":[1.0,0.0,0.0],"evs":[0.0,-0.12884,-0.47496]},"Q9o":{"weight":1.0,"played":[1.0,0.0,0.0],"evs":[0.0,-0.13135,-0.36913]},"K9o":{"weight":1.0,"played":[1.0,0.0,0.0],"evs":[0.0,-0.03006,-0.2626]},"A9o":{"weight":1.0,"played":[1.0,0.0,0.0],"evs":[0.0,-0.01306,-0.21421]},"T2s":{"weight":1.0,