{"player":2,"street":0,"children":3,"sequence":[{"player":0,"type":"F","amount":0,"street":0},{"player":1,"type":"F","amount":0,"street":0}],"actions":[{"type":"F","amount":0,"node":466},{"type":"R","amount":200000,"node":403},{"type":"R","amount":2287500}],"hands":{"22":{"weight":1.0,"played":[1.0,0.0,0.0],"evs":[0.0,-0.08142,-1.13179]},"32o":{"weight":1.0,"played":[1.0,0.0,0.0],"evs":[0.0,-0.10197,-2.24009]},"42o":{"weight":1.0,"played":[1.0,0.0,0.0],"evs":[0.0,-0.09644,-2.20482]},"52o":{"weight":1.0,"played":[1.0,0.0,0.0],"evs":[0.0,-0.09545,-2.15054]},"62o":{"weight":1.0,"played":[1.0,0.0,0.0],"evs":[0.0,-0.09888,-2.22544]},"72o":{"weight":1.0,"played":[1.0,0.0,0.0],"evs":[0.0,-0.10381,-2.27781]},"82o":{"weight":1.0,"played":[1.0,0.0,0.0],"evs":[0.0,-0.09474,-2.1976]},"92o":{"weight":1.0,"played":[1.0,0.0,0.0],"evs":[0.0,-0.08963,-2.14634]},"T2o":{"weight":1.0,"played":[1.0,0.0,0.0],"evs":[0.0,-0.0758,-2.05761]},"J2o":{"weight":1.0,"played":[1.0,0.0,0.0],"evs":[0.0,-0.06716,-1.99146]},"Q2o":{"weight":1.0,"played":[1.0,0.0,0.0],"evs":[0.0,-0.05451,-1.90723]},"K2o":{"weight":1.0,"played":[1.0,0.0,0.0],"evs":[0.0,-0.0455,-1.77397]},"A2o":{"weight":1.0,"played":[1.0,0.0,0.0],"evs":[0.0,-0.01338,-1.19892]},"32s":{"weight":1.0,"played":[1.0,0.0,0.0],"evs":[0.0,-0.08658,-1.92728]},"33":{"weight":1.0,"played":[1.0,0.0,0.0],"evs":[0.0,-0.06925,-1.06749]},"43o":{"weight":1.0,"played":[1.0,0.0,0.0],"evs":[0.0,-0.08566,-2.08893]},"53o":{"weight":1.0,"played":[1.0,0.0,0.0],"evs":[0.0,-0.08428,-2.0341]},"63o":{"weight":1.0,"played":[1.0,0.0,0.0],"evs":[0.0,-0.08777,-2.10762]},"73o":{"weight":1.0,"played":[1.0,0.0,0.0],"evs":[0.0,-0.0924,-2.16174]},"83o":{"weight":1.0,"played":[1.0,0.0,0.0],"evs":[0.0,-0.08972,-2.19276]},"93o":{"weight":1.0,"played":[1.0,0.0,0.0],"evs":[0.0,-0.0838,-2.11763]},"T3o":{"weight":1.0,"played":[1.0,0.0,0.0],"evs":[0.0,-0.06929,-2.02938]},"J3o":{"weight":1.0,"played":[1.0,0.0,0.0],"evs":[0.0,-0.06046,-1.96204]},"Q3o":{"weight":1.0,"played":[1.0,0.0,0.0],"evs":[0.0,-0.04765,-1.8789]},"K3o":{"weight":1.0,"played":[1.0,0.0,0.0],"evs":[0.0,-0.03837,-1.74662]},"A3o":{"weight":1.0,"played":[1.0,0.0,0.0],"evs":[0.0,-0.00655,-1.16668]},"42s":{"weight":1.0,"played":[1.0,0.0,0.0],"evs":[0.0,-0.08132,-1.89444]},"43s":{"weight":1.0,"played":[1.0,0.0,0.0],"evs":[0.0,-0.07055,-1.78703]},"44":{"weight":1.0,"played":[1.0,0.0,0.0],"evs":[0.0,-0.03855,-0.99505]},"54o":{"weight":1.0,"played":[1.0,0.0,0.0],"evs":[0.0,-0.07484,-1.91849]},"64o":{"weight":1.0,"played":[1.0,0.0,0.0],"evs":[0.0,-0.07748,-1.98836]},"74o":{"weight":1.0,"played":[1.0,0.0,0.0],"evs":[0.0,-0.08152,-2.04178]},"84o":{"weight":1.0,"played":[1.0,0.0,0.0],"evs":[0.0,-0.07914,-2.0743]},"94o":{"weight":1.0,"played":[1.0,0.0,0.0],"evs":[0.0,-0.07905,-2.10922]},"T4o":{"weight":1.0,"played":[1.0,0.0,0.0],"evs":[0.0,-0.06335,-1.99747]},"J4o":{"weight":1.0,"played":[1.0,0.0,0.0],"evs":[0.0,-0.05449,-1.93087]},"Q4o":{"weight":1.0,"played":[1.0,0.0,0.0],"evs":[0.0,-0.04112,-1.84716]},"K4o":{"weight":1.0,"played":[1.0,0.0,0.0],"evs":[0.0,-0.03195,-1.71541]},"A4o":{"weight":1.0,"played":[0.9798,0.0202,0.0],"evs":[0.0,-2.4E-4,-1.136]},"52s":{"weight":1.0,"played":[1.0,0.0,0.0],"evs":[0.0,-0.08017,-1.84574]},"53s":{"weight":1.0,"played":[1.0,0.0,0.0],"evs":[0.0,-0.06917,-1.73655]},"54s":{"weight":1.0,"played":[1.0,0.0,0.0],"evs":[0.0,-0.05916,-1.62893]},"55":{"weight":1.0,"played":[0.9504,0.0496,0.0],"evs":[0.0,-4.2E-4,-0.86741]},"65o":{"weight":1.0,"played":[1.0,0.0,0.0],"evs":[0.0,-0.07252,-1.86061]},"75o":{"weight":1.0,"played":[1.0,0.0,0.0],"evs":[0.0,-0.07539,-1.91295]},"85o":{"weight":1.0,"played":[1.0,0.0,0.0],"evs":[0.0,-0.07292,-1.94423]},"95o":{"weight":1.0,"played":[1.0,0.0,0.0],"evs":[0.0,-0.0728,-1.97981]},"T5o":{"weight":1.0,"played":[1.0,0.0,0.0],"evs":[0.0,-0.06315,-1.97753]},"J5o":{"weight":1.0,"played":[1.0,0.0,0.0],"evs":[0.0,-0.05413,-1.88878]},"Q5o":{"weight":1.0,"played":[1.0,0.0,0.0],"evs":[0.0,-0.0407,-1.80526]},"K5o":{"weight":1.0,"played":[1.0,0.0,0.0],"evs":[0.0,-0.03142,-1.67262]},"A5o":{"weight":1.0,"played":[0.2426,0.7574,0.0],"evs":[0.0,5.0E-5,-1.06614]},"62s":{"weight":1.0,"played":[1.0,0.0,0.0],"evs":[0.0,-0.08298,-1.91443]},"63s":{"weight":1.0,"played":[1.0,0.0,0.0],"evs":[0.0,-0.0719,-1.80503]},"64s":{"weight":1.0,"played":[1.0,0.0,0.0],"evs":[0.0,-0.062,-1.69215]},"65s":{"weight":1.0,"played":[1.0,0.0,0.0],"evs":[0.0,-0.05364,-1.57472]},"66":{"weight":1.0,"played":[0.0,1.0,0.0],"evs":[0.0,0.02205,-0.72387]},"76o":{"weight":1.0,"played":[1.0,0.0,0.0],"evs":[0.0,-0.07112,-1.78472]},"86o":{"weight":1.0,"played":[1.0,0.0,0.0],"evs":[0.0,-0.06663,-1.81193]},"96o":{"weight":1.0,"played":[1.0,0.0,0.0],"evs":[0.0,-0.06589,-1.8479]},"T6o":{"weight":1.0,"played":[1.0,0.0,0.0],"evs":[0.0,-0.0564,-1.8456]},"J6o":{"weight":1.0,"played":[1.0,0.0,0.0],"evs":[0.0,-0.05208,-1.86389]},"Q6o":{"weight":1.0,"played":[1.0,0.0,0.0],"evs":[0.0,-0.03761,-1.75878]},"K6o":{"weight":1.0,"played":[1.0,0.0,0.0],"evs":[0.0,-0.02767,-1.62446]},"A6o":{"weight":1.0,"played":[0.8583,0.1417,0.0],"evs":[0.0,-6.0E-5,-1.09033]},"72s":{"weight":1.0,"played":[1.0,0.0,0.0],"evs":[0.0,-0.08744,-1.96326]},"73s":{"weight":1.0,"played":[1.0,0.0,0.0],"evs":[0.0,-0.07605,-1.85516]},"74s":{"weight":1.0,"played":[1.0,0.0,0.0],"evs":[0.0,-0.0656,-1.74308]},"75s":{"weight":1.0,"played":[1.0,0.0,0.0],"evs":[0.0,-0.05957,-1.62361]},"76s":{"weight":1.0,"played":[1.0,0.0,0.0],"evs":[0.0,-0.05301,-1.50247]},"77":{"weight":1.0,"played":[0.0,1.0,0.0],"evs":[0.0,0.05436,-0.55199]},"87o":{"weight":1.0,"played":[1.0,0.0,0.0],"evs":[0.0,-0.06213,-1.69996]},"97o":{"weight":1.0,"played":[1.0,0.0,0.0],"evs":[0.0,-0.05953,-1.73089]},"T7o":{"weight":1.0,"played":[1.0,0.0,0.0],"evs":[0.0,-0.05052,-1.72588]},"J7o":{"weight":1.0,"played":[1.0,0.0,0.0],"evs":[0.0,-0.04702,-1.74557]},"Q7o":{"weight":1.0,"played":[1.0,0.0,0.0],"evs":[0.0,-0.03702,-1.74512]},"K7o":{"weight":1.0,"played":[1.0,0.0,0.0],"evs":[0.0,-0.02735,-1.58839]},"A7o":{"weight":1.0,"played":[0.0279,0.9721,0.0],"evs":[0.0,1.9E-4,-0.97854]},"82s":{"weight":1.0,"played":[1.0,0.0,0.0],"evs":[0.0,-0.07805,-1.88857]},"83s":{"weight":1.0,"played":[1.0,0.0,0.0],"evs":[0.0,-0.07311,-1.88288]},"84s":{"weight":1.0,"played":[1.0,0.0,0.0],"evs":[0.0,-0.06267,-1.772]},"85s":{"weight":1.0,"played":[1.0,0.0,0.0],"evs":[0.0,-0.0568,-1.65197]},"86s":{"weight":1.0,"played":[1.0,0.0,0.0],"evs":[0.0,-0.05057,-1.52828]},"87s":{"weight":1.0,"played":[1.0,0.0,0.0],"evs":[0.0,-0.04531,-1.42299]},"88":{"weight":1.0,"played":[0.0,1.0,0.0],"evs":[0.0,0.12754,-0.3205]},"98o":{"weight":1.0,"played":[1.0,0.0,0.0],"evs":[0.0,-0.04753,-1.6135]},"T8o":{"weight":1.0,"played":[1.0,0.0,0.0],"evs":[0.0,-0.0369,-1.59421]},"J8o":{"weight":1.0,"played":[1.0,0.0,0.0],"evs":[0.0,-0.03396,-1.614]},"Q8o":{"weight":1.0,"played":[1.0,0.0,0.0],"evs":[0.0,-0.02563,-1.61851]},"K8o":{"weight":1.0,"played":[1.0,0.0,0.0],"evs":[0.0,-0.01983,-1.55795]},"A8o":{"weight":1.0,"played":[0.0,1.0,0.0],"evs":[0.0,0.01026,-0.81935]},"92s":{"weight":1.0,"played":[1.0,0.0,0.0],"evs":[0.0,-0.07243,-1.83877]},"93s":{"weight":1.0,"played":[1.0,0.0,0.0],"evs":[0.0,-0.06653,-1.8121]},"94s":{"weight":1.0,"played":[1.0,0.0,0.0],"evs":[0.0,-0.06225,-1.80447]},"95s":{"weight":1.0,"played":[1.0,0.0,0.0],"evs":[0.0,-0.05665,-1.68558]},"96s":{"weight":1.0,"played":[1.0,0.0,0.0],"evs":[0.0,-0.04933,-1.56027]},"97s":{"weight":1.0,"played":[1.0,0.0,0.0],"evs":[0.0,-0.04327,-1.45092]},"98s":{"weight":1.0,"played":[1.0,0.0,0.0],"evs":[0.0,-0.03055,-1.3416]},"99":{"weight":1.0,"played":[0.0,1.0,0.0],"evs":[0.0,0.26244,-0.07236]},"T9o":{"weight":1.0,"played":[1.0,0.0,0.0],"evs":[0.0,-0.02613,-1.46552]},"J9o":{"weight":1.0,"played":[1.0,0.0,0.0],"evs":[0.0,-0.02297,-1.48627]},"Q9o":{"weight":1.0,"played":[1.0,0.0,0.0],"evs":[0.0,-0.01682,-1.48011]},"K9o":{"weight":1.0,"played":[1.0,0.0,0.0],"evs":[0.0,-0.01103,-1.4228]},"A9o":{"weight":1.0,"played":[0.0,1.0,0.0],"evs":[0.0,0.02317,-0.62879]},"T2s":{"weight":1.0,"played":[1.0,0.0,0.0],