{"player":2,"street":0,"children":3,"sequence":[{"player":0,"type":"R","amount":200000,"street":0},{"player":1,"type":"F","amount":0,"street":0}],"actions":[{"type":"F","amount":0},{"type":"C","amount":100000},{"type":"R","amount":1387500,"node":10}],"hands":{"22":{"weight":1.0,"played":[0.0,0.3795,0.6205],"evs":[0.0,0.22257,0.21977]},"32o":{"weight":1.0,"played":[1.0,0.0,0.0],"evs":[0.0,-0.10818,-0.48566]},"42o":{"weight":1.0,"played":[1.0,0.0,0.0],"evs":[0.0,-0.09311,-0.46115]},"52o":{"weight":1.0,"played":[1.0,0.0,0.0],"evs":[0.0,-0.09274,-0.45218]},"62o":{"weight":1.0,"played":[1.0,0.0,0.0],"evs":[0.0,-0.11519,-0.50243]},"72o":{"weight":1.0,"played":[1.0,0.0,0.0],"evs":[0.0,-0.14859,-0.53438]},"82o":{"weight":1.0,"played":[1.0,0.0,0.0],"evs":[0.0,-0.13972,-0.50715]},"92o":{"weight":1.0,"played":[1.0,0.0,0.0],"evs":[0.0,-0.13614,-0.47495]},"T2o":{"weight":1.0,"played":[1.0,0.0,0.0],"evs":[0.0,-0.1348,-0.45522]},"J2o":{"weight":1.0,"played":[1.0,0.0,0.0],"evs":[0.0,-0.12728,-0.41135]},"Q2o":{"weight":1.0,"played":[1.0,0.0,0.0],"evs":[0.0,-0.09247,-0.32926]},"K2o":{"weight":1.0,"played":[1.0,0.0,0.0],"evs":[0.0,-0.06921,-0.26499]},"A2o":{"weight":1.0,"played":[1.0,0.0,0.0],"evs":[0.0,-0.02202,-0.08101]},"32s":{"weight":1.0,"played":[0.0037,0.9963,0.0],"evs":[0.0,0.01462,-0.25985]},"33":{"weight":1.0,"played":[0.0,0.2122,0.7878],"evs":[0.0,0.24555,0.24329]},"43o":{"weight":1.0,"played":[1.0,0.0,0.0],"evs":[0.0,-0.05529,-0.38355]},"53o":{"weight":1.0,"played":[1.0,0.0,0.0],"evs":[0.0,-0.04788,-0.36715]},"63o":{"weight":1.0,"played":[1.0,0.0,0.0],"evs":[0.0,-0.07427,-0.42069]},"73o":{"weight":1.0,"played":[1.0,0.0,0.0],"evs":[0.0,-0.11832,-0.45459]},"83o":{"weight":1.0,"played":[1.0,0.0,0.0],"evs":[0.0,-0.14413,-0.50689]},"93o":{"weight":1.0,"played":[1.0,0.0,0.0],"evs":[0.0,-0.13341,-0.45846]},"T3o":{"weight":1.0,"played":[1.0,0.0,0.0],"evs":[0.0,-0.13563,-0.43889]},"J3o":{"weight":1.0,"played":[1.0,0.0,0.0],"evs":[0.0,-0.1258,-0.39231]},"Q3o":{"weight":1.0,"played":[1.0,0.0,0.0],"evs":[0.0,-0.09513,-0.32194]},"K3o":{"weight":1.0,"played":[1.0,0.0,0.0],"evs":[0.0,-0.0696,-0.24887]},"A3o":{"weight":1.0,"played":[1.0,0.0,0.0],"evs":[0.0,-0.01137,-0.06494]},"42s":{"weight":1.0,"played":[0.0013,0.9987,0.0],"evs":[0.0,0.03007,-0.22413]},"43s":{"weight":1.0,"played":[1.0E-4,0.9999,0.0],"evs":[0.0,0.07093,-0.15812]},"44":{"weight":1.0,"played":[0.0,0.1318,0.8682],"evs":[0.0,0.26811,0.2671]},"54o":{"weight":1.0,"played":[1.0,0.0,0.0],"evs":[0.0,-0.0101,-0.28621]},"64o":{"weight":1.0,"played":[1.0,0.0,0.0],"evs":[0.0,-0.03021,-0.33482]},"74o":{"weight":1.0,"played":[1.0,0.0,0.0],"evs":[0.0,-0.07091,-0.36065]},"84o":{"weight":1.0,"played":[1.0,0.0,0.0],"evs":[0.0,-0.11107,-0.41787]},"94o":{"weight":1.0,"played":[1.0,0.0,0.0],"evs":[0.0,-0.1336,-0.45481]},"T4o":{"weight":1.0,"played":[1.0,0.0,0.0],"evs":[0.0,-0.12968,-0.41843]},"J4o":{"weight":1.0,"played":[1.0,0.0,0.0],"evs":[0.0,-0.11946,-0.3699]},"Q4o":{"weight":1.0,"played":[1.0,0.0,0.0],"evs":[0.0,-0.08672,-0.29702]},"K4o":{"weight":1.0,"played":[1.0,0.0,0.0],"evs":[0.0,-0.06644,-0.22886]},"A4o":{"weight":1.0,"played":[0.5878,0.4122,0.0],"evs":[0.0,-8.1E-4,-0.04436]},"52s":{"weight":1.0,"played":[5.0E-4,0.9995,0.0],"evs":[0.0,0.03245,-0.22008]},"53s":{"weight":1.0,"played":[0.0,1.0,0.0],"evs":[0.0,0.0784,-0.14518]},"54s":{"weight":1.0,"played":[0.0,1.0,0.0],"evs":[0.0,0.12031,-0.06359]},"55":{"weight":1.0,"played":[0.0,0.5859,0.4141],"evs":[0.0,0.28578,0.28318]},"65o":{"weight":1.0,"played":[0.7554,0.2446,0.0],"evs":[0.0,-6.9E-4,-0.26301]},"75o":{"weight":1.0,"played":[1.0,0.0,0.0],"evs":[0.0,-0.0336,-0.28559]},"85o":{"weight":1.0,"played":[1.0,0.0,0.0],"evs":[0.0,-0.07437,-0.34229]},"95o":{"weight":1.0,"played":[1.0,0.0,0.0],"evs":[0.0,-0.11058,-0.37907]},"T5o":{"weight":1.0,"played":[1.0,0.0,0.0],"evs":[0.0,-0.13142,-0.42317]},"J5o":{"weight":1.0,"played":[1.0,0.0,0.0],"evs":[0.0,-0.12038,-0.36383]},"Q5o":{"weight":1.0,"played":[1.0,0.0,0.0],"evs":[0.0,-0.08714,-0.28128]},"K5o":{"weight":1.0,"played":[1.0,0.0,0.0],"evs":[0.0,-0.0629,-0.21531]},"A5o":{"weight":1.0,"played":[0.0839,0.9161,0.0],"evs":[0.0,0.0052,-0.02812]},"62s":{"weight":1.0,"played":[0.3432,0.6568,0.0],"evs":[0.0,-1.9E-4,-0.26416]},"63s":{"weight":1.0,"played":[0.0,1.0,0.0],"evs":[0.0,0.03859,-0.19298]},"64s":{"weight":1.0,"played":[0.0,1.0,0.0],"evs":[0.0,0.09711,-0.10616]},"65s":{"weight":1.0,"played":[0.0,1.0,0.0],"evs":[0.0,0.13024,-0.03716]},"66":{"weight":1.0,"played":[0.0,0.002,0.998],"evs":[0.0,0.35819,0.37325]},"76o":{"weight":1.0,"played":[0.6,0.4,0.0],"evs":[0.0,2.1E-4,-0.19859]},"86o":{"weight":1.0,"played":[1.0,0.0,0.0],"evs":[0.0,-0.02258,-0.2476]},"96o":{"weight":1.0,"played":[1.0,0.0,0.0],"evs":[0.0,-0.05974,-0.28719]},"T6o":{"weight":1.0,"played":[1.0,0.0,0.0],"evs":[0.0,-0.10479,-0.3281]},"J6o":{"weight":1.0,"played":[1.0,0.0,0.0],"evs":[0.0,-0.10999,-0.34243]},"Q6o":{"weight":1.0,"played":[1.0,0.0,0.0],"evs":[0.0,-0.07473,-0.25476]},"K6o":{"weight":1.0,"played":[1.0,0.0,0.0],"evs":[0.0,-0.04836,-0.18355]},"A6o":{"weight":1.0,"played":[1.0,0.0,0.0],"evs":[0.0,-0.02663,-0.08929]},"72s":{"weight":1.0,"played":[1.0,0.0,0.0],"evs":[0.0,-0.03521,-0.29115]},"73s":{"weight":1.0,"played":[0.229,0.771,0.0],"evs":[0.0,0.0016,-0.21852]},"74s":{"weight":1.0,"played":[1.0E-4,0.9999,0.0],"evs":[0.0,0.05071,-0.14217]},"75s":{"weight":1.0,"played":[1.0E-4,0.9999,0.0],"evs":[0.0,0.08615,-0.06572]},"76s":{"weight":1.0,"played":[0.0,1.0,0.0],"evs":[0.0,0.12599,0.01808]},"77":{"weight":1.0,"played":[0.0,0.0,1.0],"evs":[0.0,0.40615,0.56011]},"87o":{"weight":1.0,"played":[0.7838,0.2162,0.0],"evs":[0.0,-9.7E-4,-0.15044]},"97o":{"weight":1.0,"played":[1.0,0.0,0.0],"evs":[0.0,-0.01654,-0.18202]},"T7o":{"weight":1.0,"played":[1.0,0.0,0.0],"evs":[0.0,-0.0574,-0.22149]},"J7o":{"weight":1.0,"played":[1.0,0.0,0.0],"evs":[0.0,-0.08384,-0.24009]},"Q7o":{"weight":1.0,"played":[1.0,0.0,0.0],"evs":[0.0,-0.07098,-0.23085]},"K7o":{"weight":1.0,"played":[1.0,0.0,0.0],"evs":[0.0,-0.03637,-0.14361]},"A7o":{"weight":1.0,"played":[0.6254,0.3746,0.0],"evs":[0.0,-3.4E-4,-0.02916]},"82s":{"weight":1.0,"played":[1.0,0.0,0.0],"evs":[0.0,-0.01822,-0.26387]},"83s":{"weight":1.0,"played":[1.0,0.0,0.0],"evs":[0.0,-0.02687,-0.26352]},"84s":{"weight":1.0,"played":[0.0073,0.9927,0.0],"evs":[0.0,0.01279,-0.17666]},"85s":{"weight":1.0,"played":[0.0,1.0,0.0],"evs":[0.0,0.05249,-0.11387]},"86s":{"weight":1.0,"played":[0.0,1.0,0.0],"evs":[0.0,0.10109,-0.02386]},"87s":{"weight":1.0,"played":[0.0,0.9999,1.0E-4],"evs":[0.0,0.1333,0.06185]},"88":{"weight":1.0,"played":[0.0,0.0,1.0],"evs":[0.0,0.50916,0.7448]},"98o":{"weight":1.0,"played":[0.6915,0.3085,0.0],"evs":[0.0,-2.0E-4,-0.11067]},"T8o":{"weight":1.0,"played":[1.0,0.0,0.0],"evs":[0.0,-0.02719,-0.13928]},"J8o":{"weight":1.0,"played":[1.0,0.0,0.0],"evs":[0.0,-0.0531,-0.1572]},"Q8o":{"weight":1.0,"played":[1.0,0.0,0.0],"evs":[0.0,-0.05086,-0.1486]},"K8o":{"weight":1.0,"played":[1.0,0.0,0.0],"evs":[0.0,-0.03805,-0.14523]},"A8o":{"weight":1.0,"played":[1.0E-4,0.9999,0.0],"evs":[0.0,0.02935,-0.00714]},"92s":{"weight":1.0,"played":[1.0,0.0,0.0],"evs":[0.0,-0.01238,-0.23838]},"93s":{"weight":1.0,"played":[1.0,0.0,0.0],"evs":[0.0,-0.01381,-0.226]},"94s":{"weight":1.0,"played":[1.0,0.0,0.0],"evs":[0.0,-0.01014,-0.22417]},"95s":{"weight":1.0,"played":[8.0E-4,0.9992,0.0],"evs":[0.0,0.01342,-0.14361]},"96s":{"weight":1.0,"played":[0.0,1.0,0.0],"evs":[0.0,0.07289,-0.06097]},"97s":{"weight":1.0,"played":[0.0,1.0,0.0],"evs":[0.0,0.11858,0.04094]},"98s":{"weight":1.0,"played":[0.0,1.0,0.0],"evs":[0.0,0.13872,0.10396]},"99":{"weight":1.0,"played":[0.0,0.0,1.0],"evs":[0.0,0.67829,0.96407]},"T9o":{"weight":1.0,"played":[0.0117,0.9883,0.0],"evs":[0.0,0.00338,-0.04892]},"J9o":{"weight":1.0,"played":[0.7549,0.2451,0.0],"evs":[0.0,-2.1E-4,-0.0747]},"Q9o":{"weight":1.0,"played":[0.5893,0.4107,0.0],"evs":[0.0,-2.4E-4,-0.0652]},"K9o":{"weight":1.0,"played":[0.1733,0.8267,0.0],"evs":[0.0,6.8E-4,-0.05786]},"A9o":{"weight":1.0,"played":[0.0,1.0,0.0],