{"player":2,"street":0,"children":3,"sequence":[{"player":0,"type":"R","amount":200000,"street":0},{"player":1,"type":"F","amount":0,"street":0}],"actions":[{"type":"F","amount":0,"node":167},{"type":"R","amount":500000,"node":100},{"type":"R","amount":2287500,"node":146}],"hands":{"22":{"weight":1.0,"played":[1.0,0.0,0.0],"evs":[0.0,-0.09388,-0.19622]},"32o":{"weight":1.0,"played":[1.0,0.0,0.0],"evs":[0.0,-0.12601,-0.73606]},"42o":{"weight":1.0,"played":[1.0,0.0,0.0],"evs":[0.0,-0.12429,-0.71263]},"52o":{"weight":1.0,"played":[1.0,0.0,0.0],"evs":[0.0,-0.12143,-0.69013]},"62o":{"weight":1.0,"played":[1.0,0.0,0.0],"evs":[0.0,-0.12498,-0.76224]},"72o":{"weight":1.0,"played":[1.0,0.0,0.0],"evs":[0.0,-0.12544,-0.86176]},"82o":{"weight":1.0,"played":[1.0,0.0,0.0],"evs":[0.0,-0.12598,-0.85563]},"92o":{"weight":1.0,"played":[1.0,0.0,0.0],"evs":[0.0,-0.14996,-0.88834]},"T2o":{"weight":1.0,"played":[1.0,0.0,0.0],"evs":[0.0,-0.12009,-0.79215]},"J2o":{"weight":1.0,"played":[1.0,0.0,0.0],"evs":[0.0,-0.11265,-0.74025]},"Q2o":{"weight":1.0,"played":[1.0,0.0,0.0],"evs":[0.0,-0.05386,-0.62234]},"K2o":{"weight":1.0,"played":[1.0,0.0,0.0],"evs":[0.0,-0.02536,-0.4813]},"A2o":{"weight":1.0,"played":[1.0,0.0,0.0],"evs":[0.0,-0.01401,-0.32736]},"32s":{"weight":1.0,"played":[1.0,0.0,0.0],"evs":[0.0,-0.1163,-0.51868]},"33":{"weight":1.0,"played":[1.0,0.0,0.0],"evs":[0.0,-0.10021,-0.17539]},"43o":{"weight":1.0,"played":[1.0,0.0,0.0],"evs":[0.0,-0.12412,-0.62766]},"53o":{"weight":1.0,"played":[1.0,0.0,0.0],"evs":[0.0,-0.12047,-0.6045]},"63o":{"weight":1.0,"played":[1.0,0.0,0.0],"evs":[0.0,-0.12543,-0.67695]},"73o":{"weight":1.0,"played":[1.0,0.0,0.0],"evs":[0.0,-0.12938,-0.77627]},"83o":{"weight":1.0,"played":[1.0,0.0,0.0],"evs":[0.0,-0.13015,-0.86135]},"93o":{"weight":1.0,"played":[1.0,0.0,0.0],"evs":[0.0,-0.15374,-0.87044]},"T3o":{"weight":1.0,"played":[1.0,0.0,0.0],"evs":[0.0,-0.12401,-0.77578]},"J3o":{"weight":1.0,"played":[1.0,0.0,0.0],"evs":[0.0,-0.11661,-0.72321]},"Q3o":{"weight":1.0,"played":[1.0,0.0,0.0],"evs":[0.0,-0.05798,-0.60563]},"K3o":{"weight":1.0,"played":[1.0,0.0,0.0],"evs":[0.0,-0.02955,-0.46503]},"A3o":{"weight":1.0,"played":[1.0,0.0,0.0],"evs":[0.0,-0.01724,-0.30888]},"42s":{"weight":1.0,"played":[1.0,0.0,0.0],"evs":[0.0,-0.11349,-0.49527]},"43s":{"weight":1.0,"played":[1.0,0.0,0.0],"evs":[0.0,-0.1134,-0.41595]},"44":{"weight":1.0,"played":[1.0,0.0,0.0],"evs":[0.0,-0.09654,-0.14735]},"54o":{"weight":1.0,"played":[1.0,0.0,0.0],"evs":[0.0,-0.11521,-0.5156]},"64o":{"weight":1.0,"played":[1.0,0.0,0.0],"evs":[0.0,-0.11978,-0.58724]},"74o":{"weight":1.0,"played":[1.0,0.0,0.0],"evs":[0.0,-0.12546,-0.68479]},"84o":{"weight":1.0,"played":[1.0,0.0,0.0],"evs":[0.0,-0.12872,-0.76941]},"94o":{"weight":1.0,"played":[1.0,0.0,0.0],"evs":[0.0,-0.15264,-0.87057]},"T4o":{"weight":1.0,"played":[1.0,0.0,0.0],"evs":[0.0,-0.12244,-0.75312]},"J4o":{"weight":1.0,"played":[1.0,0.0,0.0],"evs":[0.0,-0.11596,-0.70208]},"Q4o":{"weight":1.0,"played":[1.0,0.0,0.0],"evs":[0.0,-0.05686,-0.58407]},"K4o":{"weight":1.0,"played":[1.0,0.0,0.0],"evs":[0.0,-0.02835,-0.44388]},"A4o":{"weight":1.0,"played":[1.0,0.0,0.0],"evs":[0.0,-0.01519,-0.28798]},"52s":{"weight":1.0,"played":[1.0,0.0,0.0],"evs":[0.0,-0.11128,-0.47499]},"53s":{"weight":1.0,"played":[1.0,0.0,0.0],"evs":[0.0,-0.10996,-0.3943]},"54s":{"weight":1.0,"played":[1.0,0.0,0.0],"evs":[0.0,-0.10559,-0.31152]},"55":{"weight":1.0,"played":[1.0,0.0,0.0],"evs":[0.0,-0.09115,-0.11952]},"65o":{"weight":1.0,"played":[1.0,0.0,0.0],"evs":[0.0,-0.11361,-0.49844]},"75o":{"weight":1.0,"played":[1.0,0.0,0.0],"evs":[0.0,-0.1189,-0.59369]},"85o":{"weight":1.0,"played":[1.0,0.0,0.0],"evs":[0.0,-0.12439,-0.67899]},"95o":{"weight":1.0,"played":[1.0,0.0,0.0],"evs":[0.0,-0.15108,-0.77724]},"T5o":{"weight":1.0,"played":[1.0,0.0,0.0],"evs":[0.0,-0.12103,-0.75035]},"J5o":{"weight":1.0,"played":[1.0,0.0,0.0],"evs":[0.0,-0.11404,-0.67948]},"Q5o":{"weight":1.0,"played":[1.0,0.0,0.0],"evs":[0.0,-0.05481,-0.5624]},"K5o":{"weight":1.0,"played":[1.0,0.0,0.0],"evs":[0.0,-0.02685,-0.42166]},"A5o":{"weight":1.0,"played":[1.0,0.0,0.0],"evs":[0.0,-0.01229,-0.26677]},"62s":{"weight":1.0,"played":[1.0,0.0,0.0],"evs":[0.0,-0.11572,-0.54357]},"63s":{"weight":1.0,"played":[1.0,0.0,0.0],"evs":[0.0,-0.11596,-0.46307]},"64s":{"weight":1.0,"played":[1.0,0.0,0.0],"evs":[0.0,-0.11028,-0.37764]},"65s":{"weight":1.0,"played":[1.0,0.0,0.0],"evs":[0.0,-0.10473,-0.29777]},"66":{"weight":1.0,"played":[1.0,0.0,0.0],"evs":[0.0,-0.09533,-0.10611]},"76o":{"weight":1.0,"played":[1.0,0.0,0.0],"evs":[0.0,-0.11728,-0.52555]},"86o":{"weight":1.0,"played":[1.0,0.0,0.0],"evs":[0.0,-0.12203,-0.60648]},"96o":{"weight":1.0,"played":[1.0,0.0,0.0],"evs":[0.0,-0.1502,-0.70484]},"T6o":{"weight":1.0,"played":[1.0,0.0,0.0],"evs":[0.0,-0.12265,-0.67634]},"J6o":{"weight":1.0,"played":[1.0,0.0,0.0],"evs":[0.0,-0.11562,-0.68855]},"Q6o":{"weight":1.0,"played":[1.0,0.0,0.0],"evs":[0.0,-0.05614,-0.55298]},"K6o":{"weight":1.0,"played":[1.0,0.0,0.0],"evs":[0.0,-0.02829,-0.41262]},"A6o":{"weight":1.0,"played":[1.0,0.0,0.0],"evs":[0.0,-0.01799,-0.34614]},"72s":{"weight":1.0,"played":[1.0,0.0,0.0],"evs":[0.0,-0.12062,-0.63582]},"73s":{"weight":1.0,"played":[1.0,0.0,0.0],"evs":[0.0,-0.12136,-0.55703]},"74s":{"weight":1.0,"played":[1.0,0.0,0.0],"evs":[0.0,-0.11488,-0.46862]},"75s":{"weight":1.0,"played":[1.0,0.0,0.0],"evs":[0.0,-0.10966,-0.38581]},"76s":{"weight":1.0,"played":[1.0,0.0,0.0],"evs":[0.0,-0.10806,-0.32105]},"77":{"weight":1.0,"played":[1.0,0.0,0.0],"evs":[0.0,-0.09691,-0.1254]},"87o":{"weight":1.0,"played":[1.0,0.0,0.0],"evs":[0.0,-0.12086,-0.57446]},"97o":{"weight":1.0,"played":[1.0,0.0,0.0],"evs":[0.0,-0.1492,-0.67008]},"T7o":{"weight":1.0,"played":[1.0,0.0,0.0],"evs":[0.0,-0.12348,-0.63738]},"J7o":{"weight":1.0,"played":[1.0,0.0,0.0],"evs":[0.0,-0.11665,-0.64934]},"Q7o":{"weight":1.0,"played":[1.0,0.0,0.0],"evs":[0.0,-0.05702,-0.59067]},"K7o":{"weight":1.0,"played":[1.0,0.0,0.0],"evs":[0.0,-0.02854,-0.4331]},"A7o":{"weight":1.0,"played":[1.0,0.0,0.0],"evs":[0.0,-0.01801,-0.34788]},"82s":{"weight":1.0,"played":[1.0,0.0,0.0],"evs":[0.0,-0.12095,-0.62966]},"83s":{"weight":1.0,"played":[1.0,0.0,0.0],"evs":[0.0,-0.12529,-0.63604]},"84s":{"weight":1.0,"played":[1.0,0.0,0.0],"evs":[0.0,-0.12015,-0.54937]},"85s":{"weight":1.0,"played":[1.0,0.0,0.0],"evs":[0.0,-0.11372,-0.46462]},"86s":{"weight":1.0,"played":[1.0,0.0,0.0],"evs":[0.0,-0.1116,-0.39655]},"87s":{"weight":1.0,"played":[1.0,0.0,0.0],"evs":[0.0,-0.11067,-0.3655]},"88":{"weight":1.0,"played":[1.0,0.0,0.0],"evs":[0.0,-0.0999,-0.12833]},"98o":{"weight":1.0,"played":[1.0,0.0,0.0],"evs":[0.0,-0.14968,-0.65726]},"T8o":{"weight":1.0,"played":[1.0,0.0,0.0],"evs":[0.0,-0.1221,-0.59323]},"J8o":{"weight":1.0,"played":[1.0,0.0,0.0],"evs":[0.0,-0.11746,-0.60181]},"Q8o":{"weight":1.0,"played":[1.0,0.0,0.0],"evs":[0.0,-0.0573,-0.54462]},"K8o":{"weight":1.0,"played":[1.0,0.0,0.0],"evs":[0.0,-0.02891,-0.45258]},"A8o":{"weight":1.0,"played":[1.0,0.0,0.0],"evs":[0.0,-0.01789,-0.36182]},"92s":{"weight":1.0,"played":[1.0,0.0,0.0],"evs":[0.0,-0.14595,-0.65787]},"93s":{"weight":1.0,"played":[1.0,0.0,0.0],"evs":[0.0,-0.14956,-0.64398]},"94s":{"weight":1.0,"played":[1.0,0.0,0.0],"evs":[0.0,-0.14855,-0.6443]},"95s":{"weight":1.0,"played":[1.0,0.0,0.0],"evs":[0.0,-0.1422,-0.55582]},"96s":{"weight":1.0,"played":[1.0,0.0,0.0],"evs":[0.0,-0.14043,-0.48849]},"97s":{"weight":1.0,"played":[1.0,0.0,0.0],"evs":[0.0,-0.13955,-0.45297]},"98s":{"weight":1.0,"played":[1.0,0.0,0.0],"evs":[0.0,-0.13952,-0.44297]},"99":{"weight":1.0,"played":[1.0,0.0,0.0],"evs":[0.0,-0.10597,-0.15391]},"T9o":{"weight":1.0,"played":[1.0,0.0,0.0],"evs":[0.0,-0.14571,-0.57067]},"J9o":{"weight":1.0,"played":[1.0,0.0,0.0],"evs":[0.0,-0.14297,-0.57691]},"Q9o":{"weight":1.0,"played":[1.0,0.0,0.0],"evs":[0.0,-0.08247,-0.52122]},"K9o":{"weight":1.0,"played":[1.0,0.0,0.0],"evs":[0.0,-0.05512,-0.44803]},"A9o":{"weight":1.0,"played":[1.0,0.0,0.0],"evs":[0.0,-0.04134,-0.38772]},"T2s":{"weight":1.0,"played":[1.0,0.0,0.0],