{"player":2,"street":0,"children":3,"sequence":[{"player":0,"type":"F","amount":0,"street":0},{"player":1,"type":"C","amount":50000,"street":0}],"actions":[{"type":"F","amount":0},{"type":"X","amount":0},{"type":"R","amount":1387500,"node":13}],"hands":{"22":{"weight":1.0,"played":[0.0,1.0,0.0],"evs":[0.0,0.50984,0.37199]},"32o":{"weight":1.0,"played":[0.0,0.678,0.322],"evs":[0.0,0.26243,0.26199]},"42o":{"weight":1.0,"played":[0.0,1.0,0.0],"evs":[0.0,0.27607,0.27297]},"52o":{"weight":1.0,"played":[0.0,0.9504,0.0496],"evs":[0.0,0.29184,0.28944]},"62o":{"weight":1.0,"played":[0.0,0.5889,0.4111],"evs":[0.0,0.26485,0.26561]},"72o":{"weight":1.0,"played":[0.0,0.9867,0.0133],"evs":[0.0,0.25218,0.24828]},"82o":{"weight":1.0,"played":[0.0,0.8377,0.1623],"evs":[0.0,0.26525,0.2647]},"92o":{"weight":1.0,"played":[0.0,0.9553,0.0447],"evs":[0.0,0.27836,0.27634]},"T2o":{"weight":1.0,"played":[0.0,0.7591,0.2409],"evs":[0.0,0.30799,0.30704]},"J2o":{"weight":1.0,"played":[0.0,0.73,0.27],"evs":[0.0,0.33336,0.33123]},"Q2o":{"weight":1.0,"played":[0.0,0.2196,0.7804],"evs":[0.0,0.3755,0.37805]},"K2o":{"weight":1.0,"played":[0.0,0.0315,0.9685],"evs":[0.0,0.45038,0.45278]},"A2o":{"weight":1.0,"played":[0.0,0.0,1.0],"evs":[0.0,0.57719,0.58951]},"32s":{"weight":1.0,"played":[0.0,1.0,0.0],"evs":[0.0,0.35672,0.3329]},"33":{"weight":1.0,"played":[0.0,1.0,0.0],"evs":[0.0,0.53623,0.37481]},"43o":{"weight":1.0,"played":[0.0,0.9992,8.0E-4],"evs":[0.0,0.3066,0.2969]},"53o":{"weight":1.0,"played":[0.0,1.0,0.0],"evs":[0.0,0.32701,0.31213]},"63o":{"weight":1.0,"played":[0.0,1.0,0.0],"evs":[0.0,0.29818,0.29212]},"73o":{"weight":1.0,"played":[0.0,1.0,0.0],"evs":[0.0,0.28067,0.27509]},"83o":{"weight":1.0,"played":[0.0,1.0,0.0],"evs":[0.0,0.27034,0.25913]},"93o":{"weight":1.0,"played":[0.0,1.0,0.0],"evs":[0.0,0.29082,0.28355]},"T3o":{"weight":1.0,"played":[0.0,1.0,0.0],"evs":[0.0,0.31757,0.30743]},"J3o":{"weight":1.0,"played":[0.0,0.9893,0.0107],"evs":[0.0,0.34243,0.33649]},"Q3o":{"weight":1.0,"played":[0.0,0.9369,0.0631],"evs":[0.0,0.38274,0.37916]},"K3o":{"weight":1.0,"played":[0.0,0.5882,0.4118],"evs":[0.0,0.45454,0.45407]},"A3o":{"weight":1.0,"played":[0.0,0.049,0.951],"evs":[0.0,0.58913,0.5908]},"42s":{"weight":1.0,"played":[0.0,1.0,0.0],"evs":[0.0,0.36926,0.33954]},"43s":{"weight":1.0,"played":[0.0,1.0,0.0],"evs":[0.0,0.40051,0.36503]},"44":{"weight":1.0,"played":[0.0,1.0,0.0],"evs":[0.0,0.57672,0.38148]},"54o":{"weight":1.0,"played":[0.0,1.0,0.0],"evs":[0.0,0.35932,0.33919]},"64o":{"weight":1.0,"played":[0.0,0.9999,1.0E-4],"evs":[0.0,0.33356,0.31976]},"74o":{"weight":1.0,"played":[0.0,1.0,0.0],"evs":[0.0,0.3141,0.30403]},"84o":{"weight":1.0,"played":[0.0,1.0,0.0],"evs":[0.0,0.29865,0.2941]},"94o":{"weight":1.0,"played":[0.0,1.0,0.0],"evs":[0.0,0.29855,0.2832]},"T4o":{"weight":1.0,"played":[0.0,1.0,0.0],"evs":[0.0,0.32505,0.31468]},"J4o":{"weight":1.0,"played":[0.0,0.9986,0.0014],"evs":[0.0,0.34993,0.33991]},"Q4o":{"weight":1.0,"played":[0.0,0.9805,0.0195],"evs":[0.0,0.39027,0.38707]},"K4o":{"weight":1.0,"played":[0.0,0.9377,0.0623],"evs":[0.0,0.46193,0.46055]},"A4o":{"weight":1.0,"played":[0.0,0.5722,0.4278],"evs":[0.0,0.5974,0.59709]},"52s":{"weight":1.0,"played":[0.0,1.0,0.0],"evs":[0.0,0.38897,0.35751]},"53s":{"weight":1.0,"played":[0.0,1.0,0.0],"evs":[0.0,0.42324,0.37383]},"54s":{"weight":1.0,"played":[0.0,1.0,0.0],"evs":[0.0,0.45917,0.40396]},"55":{"weight":1.0,"played":[0.0,1.0,0.0],"evs":[0.0,0.62292,0.40684]},"65o":{"weight":1.0,"played":[0.0,1.0,0.0],"evs":[0.0,0.37264,0.35275]},"75o":{"weight":1.0,"played":[0.0,1.0,0.0],"evs":[0.0,0.35821,0.33954]},"85o":{"weight":1.0,"played":[0.0,1.0,0.0],"evs":[0.0,0.33648,0.32465]},"95o":{"weight":1.0,"played":[0.0,1.0,0.0],"evs":[0.0,0.33025,0.31752]},"T5o":{"weight":1.0,"played":[0.0,1.0,0.0],"evs":[0.0,0.33686,0.32785]},"J5o":{"weight":1.0,"played":[0.0,0.9991,9.0E-4],"evs":[0.0,0.36377,0.35592]},"Q5o":{"weight":1.0,"played":[0.0,0.6949,0.3051],"evs":[0.0,0.40429,0.40169]},"K5o":{"weight":1.0,"played":[0.0,0.8311,0.1689],"evs":[0.0,0.473,0.47239]},"A5o":{"weight":1.0,"played":[0.0,0.7216,0.2784],"evs":[0.0,0.60727,0.60682]},"62s":{"weight":1.0,"played":[0.0,1.0,0.0],"evs":[0.0,0.36201,0.33815]},"63s":{"weight":1.0,"played":[0.0,1.0,0.0],"evs":[0.0,0.39518,0.35563]},"64s":{"weight":1.0,"played":[0.0,1.0,0.0],"evs":[0.0,0.43057,0.38508]},"65s":{"weight":1.0,"played":[0.0,1.0,0.0],"evs":[0.0,0.4712,0.41496]},"66":{"weight":1.0,"played":[0.0,1.0,0.0],"evs":[0.0,0.65209,0.41737]},"76o":{"weight":1.0,"played":[0.0,1.0,0.0],"evs":[0.0,0.38693,0.35939]},"86o":{"weight":1.0,"played":[0.0,1.0,0.0],"evs":[0.0,0.37438,0.347]},"96o":{"weight":1.0,"played":[0.0,1.0,0.0],"evs":[0.0,0.36317,0.34078]},"T6o":{"weight":1.0,"played":[0.0,1.0,0.0],"evs":[0.0,0.3614,0.34405]},"J6o":{"weight":1.0,"played":[0.0,1.0,0.0],"evs":[0.0,0.37094,0.35916]},"Q6o":{"weight":1.0,"played":[0.0,0.9943,0.0057],"evs":[0.0,0.41173,0.4066]},"K6o":{"weight":1.0,"played":[0.0,0.9999,1.0E-4],"evs":[0.0,0.48288,0.47569]},"A6o":{"weight":1.0,"played":[0.0,1.0E-4,0.9999],"evs":[0.0,0.57715,0.59126]},"72s":{"weight":1.0,"played":[0.0,1.0,0.0],"evs":[0.0,0.34629,0.32329]},"73s":{"weight":1.0,"played":[0.0,1.0,0.0],"evs":[0.0,0.37644,0.33928]},"74s":{"weight":1.0,"played":[0.0,1.0,0.0],"evs":[0.0,0.41148,0.37069]},"75s":{"weight":1.0,"played":[0.0,1.0,0.0],"evs":[0.0,0.45687,0.40442]},"76s":{"weight":1.0,"played":[0.0,1.0,0.0],"evs":[0.0,0.48464,0.42288]},"77":{"weight":1.0,"played":[0.0,1.0,0.0],"evs":[0.0,0.6878,0.43596]},"87o":{"weight":1.0,"played":[0.0,1.0,0.0],"evs":[0.0,0.4073,0.36795]},"97o":{"weight":1.0,"played":[0.0,1.0,0.0],"evs":[0.0,0.40139,0.36506]},"T7o":{"weight":1.0,"played":[0.0,1.0,0.0],"evs":[0.0,0.39995,0.37117]},"J7o":{"weight":1.0,"played":[0.0,1.0,0.0],"evs":[0.0,0.40077,0.37862]},"Q7o":{"weight":1.0,"played":[0.0,1.0,0.0],"evs":[0.0,0.4273,0.40317]},"K7o":{"weight":1.0,"played":[0.0,1.0,0.0],"evs":[0.0,0.50562,0.48133]},"A7o":{"weight":1.0,"played":[0.0,0.0041,0.9959],"evs":[0.0,0.59642,0.60115]},"82s":{"weight":1.0,"played":[0.0,1.0,0.0],"evs":[0.0,0.35819,0.33247]},"83s":{"weight":1.0,"played":[0.0,1.0,0.0],"evs":[0.0,0.36535,0.32883]},"84s":{"weight":1.0,"played":[0.0,1.0,0.0],"evs":[0.0,0.3955,0.35168]},"85s":{"weight":1.0,"played":[0.0,1.0,0.0],"evs":[0.0,0.43804,0.3896]},"86s":{"weight":1.0,"played":[0.0,1.0,0.0],"evs":[0.0,0.47313,0.41406]},"87s":{"weight":1.0,"played":[0.0,1.0,0.0],"evs":[0.0,0.50949,0.43247]},"88":{"weight":1.0,"played":[0.0,1.0,0.0],"evs":[0.0,0.73353,0.46403]},"98o":{"weight":1.0,"played":[0.0,1.0,0.0],"evs":[0.0,0.4403,0.38391]},"T8o":{"weight":1.0,"played":[0.0,1.0,0.0],"evs":[0.0,0.44106,0.39072]},"J8o":{"weight":1.0,"played":[0.0,1.0,0.0],"evs":[0.0,0.44304,0.40237]},"Q8o":{"weight":1.0,"played":[0.0,1.0,0.0],"evs":[0.0,0.46911,0.42768]},"K8o":{"weight":1.0,"played":[0.0,1.0,0.0],"evs":[0.0,0.53239,0.48662]},"A8o":{"weight":1.0,"played":[0.0,0.2178,0.7822],"evs":[0.0,0.60754,0.60734]},"92s":{"weight":1.0,"played":[0.0,0.9999,1.0E-4],"evs":[0.0,0.37235,0.34208]},"93s":{"weight":1.0,"played":[0.0,1.0,0.0],"evs":[0.0,0.38668,0.34657]},"94s":{"weight":1.0,"played":[0.0,1.0,0.0],"evs":[0.0,0.39188,0.34579]},"95s":{"weight":1.0,"played":[0.0,1.0,0.0],"evs":[0.0,0.42555,0.38138]},"96s":{"weight":1.0,"played":[0.0,1.0,0.0],"evs":[0.0,0.46326,0.40465]},"97s":{"weight":1.0,"played":[0.0,1.0,0.0],"evs":[0.0,0.49673,0.42652]},"98s":{"weight":1.0,"played":[0.0,1.0,0.0],"evs":[0.0,0.53745,0.44227]},"99":{"weight":1.0,"played":[0.0,1.0,0.0],"evs":[0.0,0.80391,0.51416]},"T9o":{"weight":1.0,"played":[0.0,1.0,0.0],"evs":[0.0,0.49198,0.41975]},"J9o":{"weight":1.0,"played":[0.0,1.0,0.0],"evs":[0.0,0.49843,0.42565]},"Q9o":{"weight":1.0,"played":[0.0,1.0,0.0],"evs":[0.0,0.53245,0.45731]},"K9o":{"weight":1.0,"played":[0.0,1.0,0.0],"evs":[0.0,0.60219,0.51554]},"A9o":{"weight":1.0,"played":[0.0,0.5293,0.4707],"evs":[0.0,0.622,0.62176]},"T2s":{"weight":1.0,"played":[0.0,0.9999,1.0E-4],"evs":[0.0,0.39924,0.37419]},"T3s":{"weight":1.0,